2026-02-28 10:37:37.713 [task-1] DEBUG jdbc.sqltiming [] -  com.zaxxer.hikari.pool.ProxyStatement.executeQuery(ProxyStatement.java:111)
21. select * from information_schema.sequences;
 {executed in 176 msec}
2026-02-28 10:37:38.155 [restartedMain] DEBUG jdbc.sqltiming [] -  com.zaxxer.hikari.pool.ProxyPreparedStatement.execute(ProxyPreparedStatement.java:44)
22. /* selectI18nList */
		SELECT 
			mlang_tp_cd,
			mlang_cd as mlang_id,
			MAX(CASE WHEN lang_cd = 'KO' THEN mlang_txt END) as mlang_key,
			MAX(CASE WHEN lang_cd = 'KO' THEN mlang_txt END) as mlang_txt
		FROM SYS_MLANG
		WHERE mlang_tp_cd IN ('LB', 'MS')
		GROUP BY mlang_tp_cd, mlang_cd;
 {executed in 140 msec}
2026-02-28 10:37:38.299 [restartedMain] DEBUG jdbc.sqltiming [] -  com.zaxxer.hikari.pool.ProxyPreparedStatement.execute(ProxyPreparedStatement.java:44)
22. /* selectI18nList */
		SELECT 
			mlang_tp_cd,
			mlang_cd as mlang_id,
			MAX(CASE WHEN lang_cd = 'KO' THEN mlang_txt END) as mlang_key,
			MAX(CASE WHEN lang_cd = 'EN' THEN mlang_txt END) as mlang_txt
		FROM SYS_MLANG
		WHERE mlang_tp_cd IN ('LB', 'MS')
		GROUP BY mlang_tp_cd, mlang_cd;
 {executed in 139 msec}
2026-02-28 10:37:38.438 [restartedMain] DEBUG jdbc.sqltiming [] -  com.zaxxer.hikari.pool.ProxyPreparedStatement.execute(ProxyPreparedStatement.java:44)
22. /* selectI18nList */
		SELECT 
			mlang_tp_cd,
			mlang_cd as mlang_id,
			MAX(CASE WHEN lang_cd = 'KO' THEN mlang_txt END) as mlang_key,
			MAX(CASE WHEN lang_cd = 'ZH' THEN mlang_txt END) as mlang_txt
		FROM SYS_MLANG
		WHERE mlang_tp_cd IN ('LB', 'MS')
		GROUP BY mlang_tp_cd, mlang_cd;
 {executed in 138 msec}
2026-02-28 10:37:40.124 [restartedMain] DEBUG jdbc.sqltiming [] -  com.zaxxer.hikari.pool.ProxyPreparedStatement.execute(ProxyPreparedStatement.java:44)
22. /* selectBatchConfig */
		SELECT 
			bat_id,
			bat_nm,
			job_class,
			job_class as bat_cls_nm,
			use_yn,
			use_yn as usg_yn,
			cron_expr,
			sort_sn,
			desc_txt
		FROM sys_batch_config
		WHERE 1=1

		ORDER BY sort_sn ASC, bat_id ASC;
 {executed in 140 msec}
2026-02-28 10:37:50.091 [http-nio-8080-exec-3] DEBUG jdbc.sqltiming [39f27070a876463097d39f928e4dcfe7] -  com.zaxxer.hikari.pool.ProxyPreparedStatement.execute(ProxyPreparedStatement.java:44)
21. /* selectUserInfo */
		SELECT 
			user_id,
			user_pw,
			user_nm,
			usg_yn,
			del_yn,
			lang_cd,
			siege_view_scope
		FROM SYS_USER
		WHERE user_id = 'jgh9514'
		  AND del_yn = 'N';
 {executed in 144 msec}
2026-02-28 10:37:50.241 [http-nio-8080-exec-3] DEBUG jdbc.sqltiming [39f27070a876463097d39f928e4dcfe7] -  com.zaxxer.hikari.pool.ProxyPreparedStatement.execute(ProxyPreparedStatement.java:44)
21. /* selectUserRoleList */
		select 
			 tur.user_id
			,tur.role_id
			,tcr.role_nm
			,tu.user_nm
			,case when  tur.usg_yn  = 'Y' and tcr.usg_yn  = 'Y' and tu.usg_yn  = 'Y' then 'Y'
				  else 'N'
			 end as usg_yn
			,tur.crt_user_id
			,tur.crt_date
			,tur.upt_user_id
			,tur.upt_date
			,'N' as row_status
		from SYS_USER_ROLE tur
		left outer join SYS_ROLE tcr on tur.role_id  = tcr.role_id 
		left outer join SYS_USER tu on tur.user_id  = tu.user_id
		where tur.del_yn  = 'N'
			and tcr.del_yn  = 'N'
			and tu.del_yn  = 'N'

			and tur.user_id = 'jgh9514'

		order by tcr.sort_sn asc, tur.user_id asc;
 {executed in 148 msec}
2026-02-28 10:37:50.397 [http-nio-8080-exec-3] DEBUG jdbc.sqltiming [39f27070a876463097d39f928e4dcfe7] -  com.zaxxer.hikari.pool.ProxyPreparedStatement.execute(ProxyPreparedStatement.java:44)
21. /* selectUserGuild */
		select ugh.user_id
			  ,ugh.guild_id
			  ,g.guild_name
			  ,ugh.join_date
			  ,ugh.role
		  from USER_GUILD_HISTORY ugh
		  left outer join GUILD g on ugh.guild_id = g.guild_id
		 where ugh.user_id = 'jgh9514'
		   and ugh.leave_date is null
		 order by ugh.join_date desc
		 limit 1;
 {executed in 145 msec}
2026-02-28 10:37:50.554 [api-log-1] DEBUG jdbc.sqltiming [39f27070a876463097d39f928e4dcfe7] -  com.zaxxer.hikari.pool.ProxyPreparedStatement.execute(ProxyPreparedStatement.java:44)
21. /* selectApiByUrl */
		SELECT api_id
		FROM SYS_API
		WHERE api_url = '/api/v1/auth/login-check'
		LIMIT 1;
 {executed in 145 msec}
2026-02-28 10:37:50.711 [api-log-1] DEBUG jdbc.sqltiming [39f27070a876463097d39f928e4dcfe7] -  com.zaxxer.hikari.pool.ProxyPreparedStatement.execute(ProxyPreparedStatement.java:44)
21. /* insertApiExecutionLog */
		INSERT INTO SYS_API_EXE_LOG (
			api_id,
			exe_dtm,
			user_id,
			api_exe_url,
			mthd_tp_cd,
			ip_addr,
			lang_cd,
			svr_ip_addr,
			inp_param_txt
		) VALUES (
			'API050',
			'20260228103750',
			'jgh9514',
			'/api/v1/auth/login-check',
			'POST',
			'0:0:0:0:0:0:0:1',
			'KO',
			'0:0:0:0:0:0:0:1',
			''
		);
 {executed in 156 msec}
2026-02-28 10:37:50.829 [http-nio-8080-exec-5] DEBUG jdbc.sqltiming [5d57336f66cd4965a4d7ac19f033178b] -  com.zaxxer.hikari.pool.ProxyPreparedStatement.execute(ProxyPreparedStatement.java:44)
22. /* selectPopupNoticeList */
		select n.notice_id
			  ,n.title
			  ,n.content
			  ,n.is_important
			  ,n.is_popup
			  ,n.view_count
			  ,n.crt_user_id
			  ,n.crt_date
			  ,n.upt_user_id
			  ,n.upt_date
			  ,tu.user_nm as user_name
		  from NOTICE n
		  left outer join SYS_USER tu on n.crt_user_id = tu.user_id
		 where n.del_yn = 'N'
		   and n.is_popup = true
		 order by n.is_important desc, n.crt_date desc;
 {executed in 141 msec}
2026-02-28 10:37:50.842 [http-nio-8080-exec-4] DEBUG jdbc.sqltiming [1fe53277e786474b9bafbac431d26af9] -  com.zaxxer.hikari.pool.ProxyPreparedStatement.execute(ProxyPreparedStatement.java:44)
23. /* selectUserGuild */
		select ugh.user_id
			  ,ugh.guild_id
			  ,g.guild_name
			  ,ugh.join_date
			  ,ugh.role
		  from USER_GUILD_HISTORY ugh
		  left outer join GUILD g on ugh.guild_id = g.guild_id
		 where ugh.user_id = NULL
		   and ugh.leave_date is null
		 order by ugh.join_date desc
		 limit 1;
 {executed in 149 msec}
2026-02-28 10:37:50.978 [api-log-1] DEBUG jdbc.sqltiming [5d57336f66cd4965a4d7ac19f033178b] -  com.zaxxer.hikari.pool.ProxyPreparedStatement.execute(ProxyPreparedStatement.java:44)
21. /* selectApiByUrl */
		SELECT api_id
		FROM SYS_API
		WHERE api_url = '/api/v1/community/notice/popup/list'
		LIMIT 1;
 {executed in 146 msec}
2026-02-28 10:37:51.122 [api-log-1] DEBUG jdbc.sqltiming [1fe53277e786474b9bafbac431d26af9] -  com.zaxxer.hikari.pool.ProxyPreparedStatement.execute(ProxyPreparedStatement.java:44)
21. /* selectApiByUrl */
		SELECT api_id
		FROM SYS_API
		WHERE api_url = '/api/v1/smw/guild/user-guild'
		LIMIT 1;
 {executed in 144 msec}
2026-02-28 10:45:11.053 [restartedMain] DEBUG jdbc.sqltiming [] -  com.zaxxer.hikari.pool.ProxyPreparedStatement.execute(ProxyPreparedStatement.java:44)
42. /* selectI18nList */
		SELECT 
			mlang_tp_cd,
			mlang_cd as mlang_id,
			MAX(CASE WHEN lang_cd = 'KO' THEN mlang_txt END) as mlang_key,
			MAX(CASE WHEN lang_cd = 'KO' THEN mlang_txt END) as mlang_txt
		FROM SYS_MLANG
		WHERE mlang_tp_cd IN ('LB', 'MS')
		GROUP BY mlang_tp_cd, mlang_cd;
 {executed in 151 msec}
2026-02-28 10:45:11.200 [restartedMain] DEBUG jdbc.sqltiming [] -  com.zaxxer.hikari.pool.ProxyPreparedStatement.execute(ProxyPreparedStatement.java:44)
42. /* selectI18nList */
		SELECT 
			mlang_tp_cd,
			mlang_cd as mlang_id,
			MAX(CASE WHEN lang_cd = 'KO' THEN mlang_txt END) as mlang_key,
			MAX(CASE WHEN lang_cd = 'EN' THEN mlang_txt END) as mlang_txt
		FROM SYS_MLANG
		WHERE mlang_tp_cd IN ('LB', 'MS')
		GROUP BY mlang_tp_cd, mlang_cd;
 {executed in 145 msec}
2026-02-28 10:45:11.345 [restartedMain] DEBUG jdbc.sqltiming [] -  com.zaxxer.hikari.pool.ProxyPreparedStatement.execute(ProxyPreparedStatement.java:44)
42. /* selectI18nList */
		SELECT 
			mlang_tp_cd,
			mlang_cd as mlang_id,
			MAX(CASE WHEN lang_cd = 'KO' THEN mlang_txt END) as mlang_key,
			MAX(CASE WHEN lang_cd = 'ZH' THEN mlang_txt END) as mlang_txt
		FROM SYS_MLANG
		WHERE mlang_tp_cd IN ('LB', 'MS')
		GROUP BY mlang_tp_cd, mlang_cd;
 {executed in 144 msec}
2026-02-28 10:45:11.584 [task-1] DEBUG jdbc.sqltiming [] -  com.zaxxer.hikari.pool.ProxyStatement.executeQuery(ProxyStatement.java:111)
41. select * from information_schema.sequences;
 {executed in 150 msec}
2026-02-28 10:45:11.734 [restartedMain] DEBUG jdbc.sqltiming [] -  com.zaxxer.hikari.pool.ProxyPreparedStatement.execute(ProxyPreparedStatement.java:44)
42. /* selectBatchConfig */
		SELECT 
			bat_id,
			bat_nm,
			job_class,
			job_class as bat_cls_nm,
			use_yn,
			use_yn as usg_yn,
			cron_expr,
			sort_sn,
			desc_txt
		FROM sys_batch_config
		WHERE 1=1

		ORDER BY sort_sn ASC, bat_id ASC;
 {executed in 144 msec}
2026-02-28 10:45:16.952 [http-nio-8080-exec-1] DEBUG jdbc.sqltiming [572dbd3f57e64bd1b81ffa15c3f35760] -  com.zaxxer.hikari.pool.ProxyPreparedStatement.execute(ProxyPreparedStatement.java:44)
41. /* selectUserInfo */
		SELECT 
			user_id,
			user_pw,
			user_nm,
			usg_yn,
			del_yn,
			lang_cd,
			siege_view_scope
		FROM SYS_USER
		WHERE user_id = 'jgh9514'
		  AND del_yn = 'N';
 {executed in 146 msec}
2026-02-28 10:45:17.099 [http-nio-8080-exec-1] DEBUG jdbc.sqltiming [572dbd3f57e64bd1b81ffa15c3f35760] -  com.zaxxer.hikari.pool.ProxyPreparedStatement.execute(ProxyPreparedStatement.java:44)
41. /* selectUserRoleList */
		select 
			 tur.user_id
			,tur.role_id
			,tcr.role_nm
			,tu.user_nm
			,case when  tur.usg_yn  = 'Y' and tcr.usg_yn  = 'Y' and tu.usg_yn  = 'Y' then 'Y'
				  else 'N'
			 end as usg_yn
			,tur.crt_user_id
			,tur.crt_date
			,tur.upt_user_id
			,tur.upt_date
			,'N' as row_status
		from SYS_USER_ROLE tur
		left outer join SYS_ROLE tcr on tur.role_id  = tcr.role_id 
		left outer join SYS_USER tu on tur.user_id  = tu.user_id
		where tur.del_yn  = 'N'
			and tcr.del_yn  = 'N'
			and tu.del_yn  = 'N'

			and tur.user_id = 'jgh9514'

		order by tcr.sort_sn asc, tur.user_id asc;
 {executed in 144 msec}
2026-02-28 10:45:17.251 [http-nio-8080-exec-1] DEBUG jdbc.sqltiming [572dbd3f57e64bd1b81ffa15c3f35760] -  com.zaxxer.hikari.pool.ProxyPreparedStatement.execute(ProxyPreparedStatement.java:44)
41. /* selectUserGuild */
		select ugh.user_id
			  ,ugh.guild_id
			  ,g.guild_name
			  ,ugh.join_date
			  ,ugh.role
		  from USER_GUILD_HISTORY ugh
		  left outer join GUILD g on ugh.guild_id = g.guild_id
		 where ugh.user_id = 'jgh9514'
		   and ugh.leave_date is null
		 order by ugh.join_date desc
		 limit 1;
 {executed in 144 msec}
2026-02-28 10:45:17.404 [http-nio-8080-exec-1] DEBUG jdbc.sqltiming [572dbd3f57e64bd1b81ffa15c3f35760] -  com.zaxxer.hikari.pool.ProxyPreparedStatement.execute(ProxyPreparedStatement.java:44)
41. /* selectUserInfo */
		SELECT 
			user_id,
			user_pw,
			user_nm,
			usg_yn,
			del_yn,
			lang_cd,
			siege_view_scope
		FROM SYS_USER
		WHERE user_id = 'jgh9514'
		  AND del_yn = 'N';
 {executed in 143 msec}
2026-02-28 10:45:17.548 [http-nio-8080-exec-1] DEBUG jdbc.sqltiming [572dbd3f57e64bd1b81ffa15c3f35760] -  com.zaxxer.hikari.pool.ProxyPreparedStatement.execute(ProxyPreparedStatement.java:44)
41. /* selectUserRoleList */
		select 
			 tur.user_id
			,tur.role_id
			,tcr.role_nm
			,tu.user_nm
			,case when  tur.usg_yn  = 'Y' and tcr.usg_yn  = 'Y' and tu.usg_yn  = 'Y' then 'Y'
				  else 'N'
			 end as usg_yn
			,tur.crt_user_id
			,tur.crt_date
			,tur.upt_user_id
			,tur.upt_date
			,'N' as row_status
		from SYS_USER_ROLE tur
		left outer join SYS_ROLE tcr on tur.role_id  = tcr.role_id 
		left outer join SYS_USER tu on tur.user_id  = tu.user_id
		where tur.del_yn  = 'N'
			and tcr.del_yn  = 'N'
			and tu.del_yn  = 'N'

			and tur.user_id = 'jgh9514'

		order by tcr.sort_sn asc, tur.user_id asc;
 {executed in 143 msec}
2026-02-28 10:45:17.696 [http-nio-8080-exec-1] DEBUG jdbc.sqltiming [572dbd3f57e64bd1b81ffa15c3f35760] -  com.zaxxer.hikari.pool.ProxyPreparedStatement.execute(ProxyPreparedStatement.java:44)
41. /* selectUserGuild */
		select ugh.user_id
			  ,ugh.guild_id
			  ,g.guild_name
			  ,ugh.join_date
			  ,ugh.role
		  from USER_GUILD_HISTORY ugh
		  left outer join GUILD g on ugh.guild_id = g.guild_id
		 where ugh.user_id = 'jgh9514'
		   and ugh.leave_date is null
		 order by ugh.join_date desc
		 limit 1;
 {executed in 143 msec}
2026-02-28 10:45:17.846 [http-nio-8080-exec-1] DEBUG jdbc.sqltiming [572dbd3f57e64bd1b81ffa15c3f35760] -  com.zaxxer.hikari.pool.ProxyPreparedStatement.execute(ProxyPreparedStatement.java:44)
41. /* insertUserLoginLog */
		INSERT INTO SYS_USER_LOGIN_LOG (
			user_id,
			login_date,
			ip_addr,
			lang_cd
		) VALUES (
			'jgh9514',
			'20260228104517',
			'127.0.0.1',
			'KO'
		);
 {executed in 148 msec}
2026-02-28 10:45:17.996 [api-log-1] DEBUG jdbc.sqltiming [572dbd3f57e64bd1b81ffa15c3f35760] -  com.zaxxer.hikari.pool.ProxyPreparedStatement.execute(ProxyPreparedStatement.java:44)
41. /* selectApiByUrl */
		SELECT api_id
		FROM SYS_API
		WHERE api_url = '/api/v1/auth/login'
		LIMIT 1;
 {executed in 143 msec}
2026-02-28 10:45:18.146 [api-log-1] DEBUG jdbc.sqltiming [572dbd3f57e64bd1b81ffa15c3f35760] -  com.zaxxer.hikari.pool.ProxyPreparedStatement.execute(ProxyPreparedStatement.java:44)
41. /* insertApiExecutionLog */
		INSERT INTO SYS_API_EXE_LOG (
			api_id,
			exe_dtm,
			user_id,
			api_exe_url,
			mthd_tp_cd,
			ip_addr,
			lang_cd,
			svr_ip_addr,
			inp_param_txt
		) VALUES (
			'API047',
			'20260228104517',
			'jgh9514',
			'/api/v1/auth/login',
			'POST',
			'127.0.0.1',
			'KO',
			'127.0.0.1',
			''
		);
 {executed in 148 msec}
2026-02-28 10:45:19.507 [http-nio-8080-exec-3] DEBUG jdbc.sqltiming [d70f8115af8541aab73414d2b30c15ca] -  com.zaxxer.hikari.pool.ProxyPreparedStatement.execute(ProxyPreparedStatement.java:44)
41. /* selectUserInfo */
		SELECT 
			user_id,
			user_pw,
			user_nm,
			usg_yn,
			del_yn,
			lang_cd,
			siege_view_scope
		FROM SYS_USER
		WHERE user_id = 'jgh9514'
		  AND del_yn = 'N';
 {executed in 143 msec}
2026-02-28 10:45:19.508 [http-nio-8080-exec-4] DEBUG jdbc.sqltiming [a21908ca28b3472a83c8bdd71a6417c4] -  com.zaxxer.hikari.pool.ProxyPreparedStatement.execute(ProxyPreparedStatement.java:44)
42. /* selectUserInfo */
		SELECT 
			user_id,
			user_pw,
			user_nm,
			usg_yn,
			del_yn,
			lang_cd,
			siege_view_scope
		FROM SYS_USER
		WHERE user_id = 'jgh9514'
		  AND del_yn = 'N';
 {executed in 143 msec}
2026-02-28 10:45:19.651 [http-nio-8080-exec-3] DEBUG jdbc.sqltiming [d70f8115af8541aab73414d2b30c15ca] -  com.zaxxer.hikari.pool.ProxyPreparedStatement.execute(ProxyPreparedStatement.java:44)
41. /* selectUserRoleList */
		select 
			 tur.user_id
			,tur.role_id
			,tcr.role_nm
			,tu.user_nm
			,case when  tur.usg_yn  = 'Y' and tcr.usg_yn  = 'Y' and tu.usg_yn  = 'Y' then 'Y'
				  else 'N'
			 end as usg_yn
			,tur.crt_user_id
			,tur.crt_date
			,tur.upt_user_id
			,tur.upt_date
			,'N' as row_status
		from SYS_USER_ROLE tur
		left outer join SYS_ROLE tcr on tur.role_id  = tcr.role_id 
		left outer join SYS_USER tu on tur.user_id  = tu.user_id
		where tur.del_yn  = 'N'
			and tcr.del_yn  = 'N'
			and tu.del_yn  = 'N'

			and tur.user_id = 'jgh9514'

		order by tcr.sort_sn asc, tur.user_id asc;
 {executed in 143 msec}
2026-02-28 10:45:19.653 [http-nio-8080-exec-4] DEBUG jdbc.sqltiming [a21908ca28b3472a83c8bdd71a6417c4] -  com.zaxxer.hikari.pool.ProxyPreparedStatement.execute(ProxyPreparedStatement.java:44)
42. /* selectUserRoleList */
		select 
			 tur.user_id
			,tur.role_id
			,tcr.role_nm
			,tu.user_nm
			,case when  tur.usg_yn  = 'Y' and tcr.usg_yn  = 'Y' and tu.usg_yn  = 'Y' then 'Y'
				  else 'N'
			 end as usg_yn
			,tur.crt_user_id
			,tur.crt_date
			,tur.upt_user_id
			,tur.upt_date
			,'N' as row_status
		from SYS_USER_ROLE tur
		left outer join SYS_ROLE tcr on tur.role_id  = tcr.role_id 
		left outer join SYS_USER tu on tur.user_id  = tu.user_id
		where tur.del_yn  = 'N'
			and tcr.del_yn  = 'N'
			and tu.del_yn  = 'N'

			and tur.user_id = 'jgh9514'

		order by tcr.sort_sn asc, tur.user_id asc;
 {executed in 144 msec}
2026-02-28 10:45:19.797 [http-nio-8080-exec-3] DEBUG jdbc.sqltiming [d70f8115af8541aab73414d2b30c15ca] -  com.zaxxer.hikari.pool.ProxyPreparedStatement.execute(ProxyPreparedStatement.java:44)
41. /* selectUserGuild */
		select ugh.user_id
			  ,ugh.guild_id
			  ,g.guild_name
			  ,ugh.join_date
			  ,ugh.role
		  from USER_GUILD_HISTORY ugh
		  left outer join GUILD g on ugh.guild_id = g.guild_id
		 where ugh.user_id = 'jgh9514'
		   and ugh.leave_date is null
		 order by ugh.join_date desc
		 limit 1;
 {executed in 143 msec}
2026-02-28 10:45:19.798 [http-nio-8080-exec-4] DEBUG jdbc.sqltiming [a21908ca28b3472a83c8bdd71a6417c4] -  com.zaxxer.hikari.pool.ProxyPreparedStatement.execute(ProxyPreparedStatement.java:44)
42. /* selectUserGuild */
		select ugh.user_id
			  ,ugh.guild_id
			  ,g.guild_name
			  ,ugh.join_date
			  ,ugh.role
		  from USER_GUILD_HISTORY ugh
		  left outer join GUILD g on ugh.guild_id = g.guild_id
		 where ugh.user_id = 'jgh9514'
		   and ugh.leave_date is null
		 order by ugh.join_date desc
		 limit 1;
 {executed in 144 msec}
2026-02-28 10:45:19.949 [http-nio-8080-exec-3] DEBUG jdbc.sqltiming [d70f8115af8541aab73414d2b30c15ca] -  com.zaxxer.hikari.pool.ProxyPreparedStatement.execute(ProxyPreparedStatement.java:44)
41. /* selectUserGuild */
		select ugh.user_id
			  ,ugh.guild_id
			  ,g.guild_name
			  ,ugh.join_date
			  ,ugh.role
		  from USER_GUILD_HISTORY ugh
		  left outer join GUILD g on ugh.guild_id = g.guild_id
		 where ugh.user_id = NULL
		   and ugh.leave_date is null
		 order by ugh.join_date desc
		 limit 1;
 {executed in 143 msec}
2026-02-28 10:45:19.953 [http-nio-8080-exec-4] DEBUG jdbc.sqltiming [a21908ca28b3472a83c8bdd71a6417c4] -  com.zaxxer.hikari.pool.ProxyPreparedStatement.execute(ProxyPreparedStatement.java:44)
42. /* selectPopupNoticeList */
		select n.notice_id
			  ,n.title
			  ,n.content
			  ,n.is_important
			  ,n.is_popup
			  ,n.view_count
			  ,n.crt_user_id
			  ,n.crt_date
			  ,n.upt_user_id
			  ,n.upt_date
			  ,tu.user_nm as user_name
		  from NOTICE n
		  left outer join SYS_USER tu on n.crt_user_id = tu.user_id
		 where n.del_yn = 'N'
		   and n.is_popup = true
		 order by n.is_important desc, n.crt_date desc;
 {executed in 144 msec}
2026-02-28 10:45:20.095 [api-log-1] DEBUG jdbc.sqltiming [d70f8115af8541aab73414d2b30c15ca] -  com.zaxxer.hikari.pool.ProxyPreparedStatement.execute(ProxyPreparedStatement.java:44)
41. /* selectApiByUrl */
		SELECT api_id
		FROM SYS_API
		WHERE api_url = '/api/v1/smw/guild/user-guild'
		LIMIT 1;
 {executed in 145 msec}
2026-02-28 10:45:20.239 [api-log-1] DEBUG jdbc.sqltiming [a21908ca28b3472a83c8bdd71a6417c4] -  com.zaxxer.hikari.pool.ProxyPreparedStatement.execute(ProxyPreparedStatement.java:44)
41. /* selectApiByUrl */
		SELECT api_id
		FROM SYS_API
		WHERE api_url = '/api/v1/community/notice/popup/list'
		LIMIT 1;
 {executed in 143 msec}
2026-02-28 10:47:09.158 [task-1] DEBUG jdbc.sqltiming [] -  com.zaxxer.hikari.pool.ProxyStatement.executeQuery(ProxyStatement.java:111)
51. select * from information_schema.sequences;
 {executed in 150 msec}
2026-02-28 10:47:09.590 [restartedMain] DEBUG jdbc.sqltiming [] -  com.zaxxer.hikari.pool.ProxyPreparedStatement.execute(ProxyPreparedStatement.java:44)
52. /* selectI18nList */
		SELECT 
			mlang_tp_cd,
			mlang_cd as mlang_id,
			MAX(CASE WHEN lang_cd = 'KO' THEN mlang_txt END) as mlang_key,
			MAX(CASE WHEN lang_cd = 'KO' THEN mlang_txt END) as mlang_txt
		FROM SYS_MLANG
		WHERE mlang_tp_cd IN ('LB', 'MS')
		GROUP BY mlang_tp_cd, mlang_cd;
 {executed in 148 msec}
2026-02-28 10:47:09.738 [restartedMain] DEBUG jdbc.sqltiming [] -  com.zaxxer.hikari.pool.ProxyPreparedStatement.execute(ProxyPreparedStatement.java:44)
52. /* selectI18nList */
		SELECT 
			mlang_tp_cd,
			mlang_cd as mlang_id,
			MAX(CASE WHEN lang_cd = 'KO' THEN mlang_txt END) as mlang_key,
			MAX(CASE WHEN lang_cd = 'EN' THEN mlang_txt END) as mlang_txt
		FROM SYS_MLANG
		WHERE mlang_tp_cd IN ('LB', 'MS')
		GROUP BY mlang_tp_cd, mlang_cd;
 {executed in 144 msec}
2026-02-28 10:47:09.882 [restartedMain] DEBUG jdbc.sqltiming [] -  com.zaxxer.hikari.pool.ProxyPreparedStatement.execute(ProxyPreparedStatement.java:44)
52. /* selectI18nList */
		SELECT 
			mlang_tp_cd,
			mlang_cd as mlang_id,
			MAX(CASE WHEN lang_cd = 'KO' THEN mlang_txt END) as mlang_key,
			MAX(CASE WHEN lang_cd = 'ZH' THEN mlang_txt END) as mlang_txt
		FROM SYS_MLANG
		WHERE mlang_tp_cd IN ('LB', 'MS')
		GROUP BY mlang_tp_cd, mlang_cd;
 {executed in 144 msec}
2026-02-28 10:47:11.065 [restartedMain] DEBUG jdbc.sqltiming [] -  com.zaxxer.hikari.pool.ProxyPreparedStatement.execute(ProxyPreparedStatement.java:44)
52. /* selectBatchConfig */
		SELECT 
			bat_id,
			bat_nm,
			job_class,
			job_class as bat_cls_nm,
			use_yn,
			use_yn as usg_yn,
			cron_expr,
			sort_sn,
			desc_txt
		FROM sys_batch_config
		WHERE 1=1

		ORDER BY sort_sn ASC, bat_id ASC;
 {executed in 144 msec}
2026-02-28 10:49:32.474 [http-nio-8080-exec-1] DEBUG jdbc.sqltiming [6c7dbd15acfc458cadf17ff3209147ad] -  com.zaxxer.hikari.pool.ProxyPreparedStatement.execute(ProxyPreparedStatement.java:44)
51. /* selectUserInfo */
		SELECT 
			user_id,
			user_pw,
			user_nm,
			usg_yn,
			del_yn,
			lang_cd,
			siege_view_scope
		FROM SYS_USER
		WHERE user_id = 'jgh9514'
		  AND del_yn = 'N';
 {executed in 161 msec}
2026-02-28 10:49:32.623 [http-nio-8080-exec-1] DEBUG jdbc.sqltiming [6c7dbd15acfc458cadf17ff3209147ad] -  com.zaxxer.hikari.pool.ProxyPreparedStatement.execute(ProxyPreparedStatement.java:44)
51. /* selectUserRoleList */
		select 
			 tur.user_id
			,tur.role_id
			,tcr.role_nm
			,tu.user_nm
			,case when  tur.usg_yn  = 'Y' and tcr.usg_yn  = 'Y' and tu.usg_yn  = 'Y' then 'Y'
				  else 'N'
			 end as usg_yn
			,tur.crt_user_id
			,tur.crt_date
			,tur.upt_user_id
			,tur.upt_date
			,'N' as row_status
		from SYS_USER_ROLE tur
		left outer join SYS_ROLE tcr on tur.role_id  = tcr.role_id 
		left outer join SYS_USER tu on tur.user_id  = tu.user_id
		where tur.del_yn  = 'N'
			and tcr.del_yn  = 'N'
			and tu.del_yn  = 'N'

			and tur.user_id = 'jgh9514'

		order by tcr.sort_sn asc, tur.user_id asc;
 {executed in 147 msec}
2026-02-28 10:49:32.777 [http-nio-8080-exec-1] DEBUG jdbc.sqltiming [6c7dbd15acfc458cadf17ff3209147ad] -  com.zaxxer.hikari.pool.ProxyPreparedStatement.execute(ProxyPreparedStatement.java:44)
51. /* selectUserGuild */
		select ugh.user_id
			  ,ugh.guild_id
			  ,g.guild_name
			  ,ugh.join_date
			  ,ugh.role
		  from USER_GUILD_HISTORY ugh
		  left outer join GUILD g on ugh.guild_id = g.guild_id
		 where ugh.user_id = 'jgh9514'
		   and ugh.leave_date is null
		 order by ugh.join_date desc
		 limit 1;
 {executed in 147 msec}
2026-02-28 10:49:32.934 [api-log-1] DEBUG jdbc.sqltiming [6c7dbd15acfc458cadf17ff3209147ad] -  com.zaxxer.hikari.pool.ProxyPreparedStatement.execute(ProxyPreparedStatement.java:44)
51. /* selectApiByUrl */
		SELECT api_id
		FROM SYS_API
		WHERE api_url = '/api/v1/auth/login-check'
		LIMIT 1;
 {executed in 145 msec}
2026-02-28 10:49:33.092 [api-log-1] DEBUG jdbc.sqltiming [6c7dbd15acfc458cadf17ff3209147ad] -  com.zaxxer.hikari.pool.ProxyPreparedStatement.execute(ProxyPreparedStatement.java:44)
51. /* insertApiExecutionLog */
		INSERT INTO SYS_API_EXE_LOG (
			api_id,
			exe_dtm,
			user_id,
			api_exe_url,
			mthd_tp_cd,
			ip_addr,
			lang_cd,
			svr_ip_addr,
			inp_param_txt
		) VALUES (
			'API050',
			'20260228104932',
			'jgh9514',
			'/api/v1/auth/login-check',
			'POST',
			'0:0:0:0:0:0:0:1',
			'KO',
			'0:0:0:0:0:0:0:1',
			''
		);
 {executed in 156 msec}
2026-02-28 10:49:33.233 [http-nio-8080-exec-4] DEBUG jdbc.sqltiming [f19b6b8f5b0d420aa499f635616e10c7] -  com.zaxxer.hikari.pool.ProxyPreparedStatement.execute(ProxyPreparedStatement.java:44)
52. /* selectUserGuild */
		select ugh.user_id
			  ,ugh.guild_id
			  ,g.guild_name
			  ,ugh.join_date
			  ,ugh.role
		  from USER_GUILD_HISTORY ugh
		  left outer join GUILD g on ugh.guild_id = g.guild_id
		 where ugh.user_id = NULL
		   and ugh.leave_date is null
		 order by ugh.join_date desc
		 limit 1;
 {executed in 153 msec}
2026-02-28 10:49:33.235 [http-nio-8080-exec-5] DEBUG jdbc.sqltiming [8bc92c6e61e545208ef355eb6976290b] -  com.zaxxer.hikari.pool.ProxyPreparedStatement.execute(ProxyPreparedStatement.java:44)
53. /* selectPopupNoticeList */
		select n.notice_id
			  ,n.title
			  ,n.content
			  ,n.is_important
			  ,n.is_popup
			  ,n.view_count
			  ,n.crt_user_id
			  ,n.crt_date
			  ,n.upt_user_id
			  ,n.upt_date
			  ,tu.user_nm as user_name
		  from NOTICE n
		  left outer join SYS_USER tu on n.crt_user_id = tu.user_id
		 where n.del_yn = 'N'
		   and n.is_popup = true
		 order by n.is_important desc, n.crt_date desc;
 {executed in 153 msec}
2026-02-28 10:49:33.381 [api-log-1] DEBUG jdbc.sqltiming [f19b6b8f5b0d420aa499f635616e10c7] -  com.zaxxer.hikari.pool.ProxyPreparedStatement.execute(ProxyPreparedStatement.java:44)
51. /* selectApiByUrl */
		SELECT api_id
		FROM SYS_API
		WHERE api_url = '/api/v1/smw/guild/user-guild'
		LIMIT 1;
 {executed in 145 msec}
2026-02-28 10:49:33.525 [api-log-1] DEBUG jdbc.sqltiming [8bc92c6e61e545208ef355eb6976290b] -  com.zaxxer.hikari.pool.ProxyPreparedStatement.execute(ProxyPreparedStatement.java:44)
51. /* selectApiByUrl */
		SELECT api_id
		FROM SYS_API
		WHERE api_url = '/api/v1/community/notice/popup/list'
		LIMIT 1;
 {executed in 144 msec}
2026-02-28 10:49:38.728 [http-nio-8080-exec-10] DEBUG jdbc.sqltiming [3553f172665e48d4b7a61775afc8247e] -  com.zaxxer.hikari.pool.ProxyPreparedStatement.execute(ProxyPreparedStatement.java:44)
52. /* selectMonsterList */
	    SELECT m.monster_id
		     , m.kr_name
		     , m.un_name
		     , m.monster_elemental
	     , m.image_url as image_url
		     , m2.kr_name as modified_kr_name
		  FROM monster m
		  LEFT JOIN monster m2 ON m2.monster_id = SUBSTR(m.monster_id, 1, 3) || '0' || SUBSTR(m.monster_id, 5)
		 WHERE m.star >= 3
		   AND m.arousal_type != 'Normal'
		 ORDER BY cast(m.monster_id AS INTEGER) asc;
 {executed in 630 msec}
2026-02-28 10:49:38.891 [api-log-1] DEBUG jdbc.sqltiming [3553f172665e48d4b7a61775afc8247e] -  com.zaxxer.hikari.pool.ProxyPreparedStatement.execute(ProxyPreparedStatement.java:44)
52. /* selectApiByUrl */
		SELECT api_id
		FROM SYS_API
		WHERE api_url = '/api/v1/summonerswar/monster-list'
		LIMIT 1;
 {executed in 150 msec}
2026-02-28 10:49:39.043 [api-log-1] DEBUG jdbc.sqltiming [3553f172665e48d4b7a61775afc8247e] -  com.zaxxer.hikari.pool.ProxyPreparedStatement.execute(ProxyPreparedStatement.java:44)
52. /* insertApiExecutionLog */
		INSERT INTO SYS_API_EXE_LOG (
			api_id,
			exe_dtm,
			user_id,
			api_exe_url,
			mthd_tp_cd,
			ip_addr,
			lang_cd,
			svr_ip_addr,
			inp_param_txt
		) VALUES (
			'API055',
			'20260228104938',
			'jgh9514',
			'/api/v1/summonerswar/monster-list',
			'POST',
			'0:0:0:0:0:0:0:1',
			'KO',
			'0:0:0:0:0:0:0:1',
			''
		);
 {executed in 151 msec}
2026-02-28 10:49:39.720 [http-nio-8080-exec-7] DEBUG jdbc.sqltiming [09ad4fd9ccc049e4ac23c421f51fc2f0] -  com.zaxxer.hikari.pool.ProxyPreparedStatement.execute(ProxyPreparedStatement.java:44)
51. /* selectEnemyTeamList - Optimized with JOIN */
        	select a.monster_id_1 || '-' || a.monster_id_2 || '-' || a.monster_id_3 as key
		     , a.monster_id_1
		     , a.monster_id_2
		     , a.monster_id_3
	     , m1.image_url as image_url1
	     , m2.image_url as image_url2
	     , m3.image_url as image_url3
		     , a.total_count
		     , a.total_rate
		     , a.win_count
		     , a.lose_count
		     , m1.leader_id as leader_id
		     , ml1.type as leader_type
		     , ml1.stat as leader_stat
		     , ml1.increase_by as leader_increase_by
		     , ml1.icon_path as leader_icon
		     , get_leader_skill_desc(ml1.type, ml1.stat, ml1.increase_by) as leader_skill_description
		  from (
				select monster_id_1
		             , monster_id_2
		             , monster_id_3
			         , count(1) as total_count
			         , ROUND(100.0 * SUM(CASE WHEN bll.win_lose = '1' THEN 1 ELSE 0 END) / COUNT(*), 1) as total_rate
			         , sum(case when bll.win_lose = '1' then 1 else 0 end) as win_count
			         , sum(case when bll.win_lose = '2' then 1 else 0 end) as lose_count
				  from (
				        select vbdi.match_id
				             , vbdi.log_timestamp
				             , vbdi.type
				             , coalesce(mcm1.original_monster_id, vbdi.monster_id_1) AS monster_id_1
				             , least(coalesce(mcm2.original_monster_id, vbdi.monster_id_2), 
				                     coalesce(mcm3.original_monster_id, vbdi.monster_id_3)) AS monster_id_2
				             , greatest(coalesce(mcm2.original_monster_id, vbdi.monster_id_2), 
				                        coalesce(mcm3.original_monster_id, vbdi.monster_id_3)) AS monster_id_3
				          from view_battle_deck_info vbdi
				          left join monster_collaboration_mapping mcm1
				                 on vbdi.monster_id_1 = mcm1.collaboration_monster_id
				          left join monster_collaboration_mapping mcm2
				                 on vbdi.monster_id_2 = mcm2.collaboration_monster_id
				          left join monster_collaboration_mapping mcm3
				                 on vbdi.monster_id_3 = mcm3.collaboration_monster_id
				          where vbdi.type = 'defense'

				       ) vbdi
			 left join battle_log_list bll
			 		ON vbdi.match_id = bll.match_id
			 	   AND vbdi.log_timestamp = bll.log_timestamp
			 left join monster sm1 on vbdi.monster_id_1 = sm1.monster_id
			 left join monster sm2 on vbdi.monster_id_2 = sm2.monster_id
			 left join monster sm3 on vbdi.monster_id_3 = sm3.monster_id
			  where 1=1

			  	AND EXISTS (
			  	  SELECT 1
			  	    FROM guild_siege_battle_log gsbl
			  	   WHERE gsbl.match_id = bll.match_id
			  	     AND gsbl.guild_id = 54300::text
			  	)

			  	AND (
			  	  'A' = 'A' 
			  	  OR (
			  	    SELECT COUNT(*) 
			  	      FROM guild_siege_season 
			  	     WHERE end_date IS NULL
			  	  ) = 0
			  	  OR SUBSTRING(bll.match_id, 1, 6) >= (
			  	    SELECT TO_CHAR(DATE_TRUNC('month', start_date), 'YYYYMM')
			  	      FROM guild_siege_season
			  	     WHERE end_date IS NULL
			  	     ORDER BY season_no DESC
			  	     LIMIT 1
			  	  )
			  	)

			  group by monster_id_1
			         , monster_id_2
			         , monster_id_3
			  order by total_count desc
			     limit 10::bigint
		        offset 10::bigint * (1::bigint - 1)
		       ) a
	 LEFT JOIN monster m1 ON a.monster_id_1 = m1.monster_id
	 LEFT JOIN monster m2 ON a.monster_id_2 = m2.monster_id
	 LEFT JOIN monster m3 ON a.monster_id_3 = m3.monster_id
	 LEFT JOIN monster_leaders ml1 ON m1.leader_id = ml1.leader_id
	  order by total_count desc;
 {executed in 1701 msec}
2026-02-28 10:49:40.026 [api-log-1] DEBUG jdbc.sqltiming [09ad4fd9ccc049e4ac23c421f51fc2f0] -  com.zaxxer.hikari.pool.ProxyPreparedStatement.execute(ProxyPreparedStatement.java:44)
52. /* selectApiByUrl */
		SELECT api_id
		FROM SYS_API
		WHERE api_url = '/api/v1/summonerswar/enemyTeam-list'
		LIMIT 1;
 {executed in 150 msec}
2026-02-28 10:49:40.180 [api-log-1] DEBUG jdbc.sqltiming [09ad4fd9ccc049e4ac23c421f51fc2f0] -  com.zaxxer.hikari.pool.ProxyPreparedStatement.execute(ProxyPreparedStatement.java:44)
52. /* insertApiExecutionLog */
		INSERT INTO SYS_API_EXE_LOG (
			api_id,
			exe_dtm,
			user_id,
			api_exe_url,
			mthd_tp_cd,
			ip_addr,
			lang_cd,
			svr_ip_addr,
			inp_param_txt
		) VALUES (
			'API057',
			'20260228104940',
			'jgh9514',
			'/api/v1/summonerswar/enemyTeam-list',
			'POST',
			'0:0:0:0:0:0:0:1',
			'KO',
			'0:0:0:0:0:0:0:1',
			''
		);
 {executed in 152 msec}
2026-02-28 10:50:02.764 [http-nio-8080-exec-9] DEBUG jdbc.sqltiming [4e714f76db39412096e3a1b7ab8e0c9e] -  com.zaxxer.hikari.pool.ProxyPreparedStatement.execute(ProxyPreparedStatement.java:44)
51. /* getAllRelatedMonsterIds */
		WITH related_ids AS (
			-- 입력된 ID가 오리지널몹인 경우
			SELECT '29715' as monster_id
			UNION ALL
			-- 입력된 ID의 콜라보몹들
			SELECT collaboration_monster_id
			FROM monster_collaboration_mapping
			WHERE original_monster_id = '29715'
			UNION ALL
			-- 입력된 ID가 콜라보몹인 경우, 해당 오리지널몹
			SELECT original_monster_id
			FROM monster_collaboration_mapping
			WHERE collaboration_monster_id = '29715'
			UNION ALL
			-- 입력된 ID가 콜라보몹인 경우, 같은 오리지널몹을 가진 다른 콜라보몹들
			SELECT mcm2.collaboration_monster_id
			FROM monster_collaboration_mapping mcm1
			JOIN monster_collaboration_mapping mcm2 ON mcm1.original_monster_id = mcm2.original_monster_id
			WHERE mcm1.collaboration_monster_id = '29715'
		)
		SELECT DISTINCT monster_id FROM related_ids WHERE monster_id IS NOT NULL;
 {executed in 149 msec}
2026-02-28 10:50:02.915 [http-nio-8080-exec-9] DEBUG jdbc.sqltiming [4e714f76db39412096e3a1b7ab8e0c9e] -  com.zaxxer.hikari.pool.ProxyPreparedStatement.execute(ProxyPreparedStatement.java:44)
51. /* getAllRelatedMonsterIds */
		WITH related_ids AS (
			-- 입력된 ID가 오리지널몹인 경우
			SELECT '14034' as monster_id
			UNION ALL
			-- 입력된 ID의 콜라보몹들
			SELECT collaboration_monster_id
			FROM monster_collaboration_mapping
			WHERE original_monster_id = '14034'
			UNION ALL
			-- 입력된 ID가 콜라보몹인 경우, 해당 오리지널몹
			SELECT original_monster_id
			FROM monster_collaboration_mapping
			WHERE collaboration_monster_id = '14034'
			UNION ALL
			-- 입력된 ID가 콜라보몹인 경우, 같은 오리지널몹을 가진 다른 콜라보몹들
			SELECT mcm2.collaboration_monster_id
			FROM monster_collaboration_mapping mcm1
			JOIN monster_collaboration_mapping mcm2 ON mcm1.original_monster_id = mcm2.original_monster_id
			WHERE mcm1.collaboration_monster_id = '14034'
		)
		SELECT DISTINCT monster_id FROM related_ids WHERE monster_id IS NOT NULL;
 {executed in 147 msec}
2026-02-28 10:50:03.064 [http-nio-8080-exec-9] DEBUG jdbc.sqltiming [4e714f76db39412096e3a1b7ab8e0c9e] -  com.zaxxer.hikari.pool.ProxyPreparedStatement.execute(ProxyPreparedStatement.java:44)
51. /* getAllRelatedMonsterIds */
		WITH related_ids AS (
			-- 입력된 ID가 오리지널몹인 경우
			SELECT '14711' as monster_id
			UNION ALL
			-- 입력된 ID의 콜라보몹들
			SELECT collaboration_monster_id
			FROM monster_collaboration_mapping
			WHERE original_monster_id = '14711'
			UNION ALL
			-- 입력된 ID가 콜라보몹인 경우, 해당 오리지널몹
			SELECT original_monster_id
			FROM monster_collaboration_mapping
			WHERE collaboration_monster_id = '14711'
			UNION ALL
			-- 입력된 ID가 콜라보몹인 경우, 같은 오리지널몹을 가진 다른 콜라보몹들
			SELECT mcm2.collaboration_monster_id
			FROM monster_collaboration_mapping mcm1
			JOIN monster_collaboration_mapping mcm2 ON mcm1.original_monster_id = mcm2.original_monster_id
			WHERE mcm1.collaboration_monster_id = '14711'
		)
		SELECT DISTINCT monster_id FROM related_ids WHERE monster_id IS NOT NULL;
 {executed in 146 msec}
2026-02-28 10:50:04.020 [http-nio-8080-exec-9] DEBUG jdbc.sqltiming [4e714f76db39412096e3a1b7ab8e0c9e] -  com.zaxxer.hikari.pool.ProxyPreparedStatement.execute(ProxyPreparedStatement.java:44)
51. /* selectMonsterDetailList - Optimized with JOIN */
        SELECT max(m1.kr_name) as m1_kr_name
             , m1.image_url AS image_url1
             , max(m2.kr_name) as m2_kr_name
             , m2.image_url AS image_url2
             , max(m3.kr_name) as m3_kr_name
             , m3.image_url AS image_url3
             , count(1) AS total_count
             , ROUND(100.0 * SUM(CASE WHEN bll.win_lose = '1' THEN 1 ELSE 0 END) / COUNT(*), 1) AS total_rate
             , SUM(CASE WHEN bll.win_lose = '1' THEN 1 end) AS win_count
             , SUM(CASE WHEN bll.win_lose = '2' THEN 1 end) AS lose_count
                           , max(m1.leader_id) as leader_id
              , max(ml1.type) as leader_type
              , max(ml1.stat) as leader_stat
              , max(ml1.increase_by) as leader_increase_by
              , max(ml1.icon_path) as leader_icon
              , get_leader_skill_desc(max(ml1.type), max(ml1.stat), max(ml1.increase_by)) as leader_skill_description
           FROM (
                                        SELECT vbdi.match_id,
                           vbdi.log_timestamp,
                           vbdi.type,
                           coalesce(mcm1.original_monster_id, vbdi.monster_id_1) AS monster_id_1,
                           least(coalesce(mcm2.original_monster_id, vbdi.monster_id_2), 
                                 coalesce(mcm3.original_monster_id, vbdi.monster_id_3)) AS monster_id_2,
                           greatest(coalesce(mcm2.original_monster_id, vbdi.monster_id_2), 
                                    coalesce(mcm3.original_monster_id, vbdi.monster_id_3)) AS monster_id_3
                      FROM view_battle_deck_info vbdi
                      left join monster_collaboration_mapping mcm1
                             on vbdi.monster_id_1 = mcm1.collaboration_monster_id
                      left join monster_collaboration_mapping mcm2
                             on vbdi.monster_id_2 = mcm2.collaboration_monster_id
                      left join monster_collaboration_mapping mcm3
                             on vbdi.monster_id_3 = mcm3.collaboration_monster_id
                                            WHERE vbdi.type = 'defense'
                         AND vbdi.monster_id_1 IN ('29315','29715')
                         AND LEAST(vbdi.monster_id_2, vbdi.monster_id_3) IN ('14034')
                         AND GREATEST(vbdi.monster_id_2, vbdi.monster_id_3) IN ('14711')

                  ) vbdi
       LEFT JOIN battle_log_list bll
              ON vbdi.match_id = bll.match_id
             AND vbdi.log_timestamp = bll.log_timestamp
       LEFT JOIN monster m1
              ON vbdi.monster_id_1 = m1.monster_id
       LEFT JOIN monster m2
              ON vbdi.monster_id_2 = m2.monster_id
       LEFT JOIN monster m3
              ON vbdi.monster_id_3 = m3.monster_id
       LEFT JOIN monster_leaders ml1 ON m1.leader_id = ml1.leader_id
       WHERE 1=1

       	AND EXISTS (
       	  SELECT 1
       	    FROM guild_siege_battle_log gsbl
       	   WHERE gsbl.match_id = bll.match_id
       	     AND gsbl.guild_id = 54300::text
       	)

       	AND (
       	  'A' = 'A' 
       	  OR (
       	    SELECT COUNT(*) 
       	      FROM guild_siege_season 
       	     WHERE end_date IS NULL
       	  ) = 0
       	  OR SUBSTRING(bll.match_id, 1, 6) >= (
       	    SELECT TO_CHAR(DATE_TRUNC('month', start_date), 'YYYYMM')
       	      FROM guild_siege_season
       	     WHERE end_date IS NULL
       	     ORDER BY season_no DESC
       	     LIMIT 1
       	  )
       	)

        GROUP BY m1.image_url,
                 m2.image_url,
                 m3.image_url
       ORDER BY total_count DESC,
                total_rate DESC;
 {executed in 950 msec}
2026-02-28 10:50:04.177 [http-nio-8080-exec-9] DEBUG jdbc.sqltiming [4e714f76db39412096e3a1b7ab8e0c9e] -  com.zaxxer.hikari.pool.ProxyPreparedStatement.execute(ProxyPreparedStatement.java:44)
51. /* selectRecommendedAttackDeckList */
		select srad.id as id
		     , srad.id as deck_id
		     , srad.atk_monster_1
		     , srad.atk_monster_2
		     , srad.atk_monster_3
		     , m1.image_url AS image_url1
		     , m2.image_url AS image_url2
		     , m3.image_url AS image_url3
		     , srad.recommend_count
		     , srad.not_recommend_count
		  from siege_recommended_attack_deck srad
	 LEFT JOIN monster m1 ON srad.atk_monster_1 = m1.monster_id
	 LEFT JOIN monster m2 ON srad.atk_monster_2 = m2.monster_id
	 LEFT JOIN monster m3 ON srad.atk_monster_3 = m3.monster_id
		 where srad.def_monster_1 = '29715'
		   and srad.def_monster_2 = '14034'
		   and srad.def_monster_3 = '14711'
		 order by srad.id desc

			LIMIT 5::bigint

			OFFSET (1::bigint - 1) * 5::bigint;
 {executed in 147 msec}
2026-02-28 10:50:04.327 [http-nio-8080-exec-9] DEBUG jdbc.sqltiming [4e714f76db39412096e3a1b7ab8e0c9e] -  com.zaxxer.hikari.pool.ProxyPreparedStatement.execute(ProxyPreparedStatement.java:44)
51. /* selectRecommendedAttackDeckListCount - 추천 공덱 전체 개수 조회 */
		select count(1) as total_count
		  from siege_recommended_attack_deck srad
		 where srad.def_monster_1 = '29715'
		   and srad.def_monster_2 = '14034'
		   and srad.def_monster_3 = '14711';
 {executed in 147 msec}
2026-02-28 10:50:04.676 [http-nio-8080-exec-9] DEBUG jdbc.sqltiming [4e714f76db39412096e3a1b7ab8e0c9e] -  com.zaxxer.hikari.pool.ProxyPreparedStatement.execute(ProxyPreparedStatement.java:44)
51. /* selectMonsterDetailTeamList - Optimized with JOIN */
		select m1.image_url AS image_url1
		     , m2.image_url AS image_url2
		     , m3.image_url AS image_url3
		     , COALESCE(total_count, 0) as total_count
		     , COALESCE(total_rate, 0) as total_rate
		     , COALESCE(win_count, 0) as win_count
		     , COALESCE(lose_count, 0) as lose_count
		     , m1.leader_id as leader_id
		     , ml1.type as leader_type
		     , ml1.stat as leader_stat
		     , ml1.increase_by as leader_increase_by
		     , ml1.icon_path as leader_icon
		     , get_leader_skill_desc(ml1.type, ml1.stat, ml1.increase_by) as leader_skill_description
		  from (
				select coalesce(mcm1.original_monster_id, vbdi2.monster_id_1) as monster_id_1
		             , least(coalesce(mcm2.original_monster_id, vbdi2.monster_id_2), 
		                     coalesce(mcm3.original_monster_id, vbdi2.monster_id_3)) AS monster_id_2
		             , greatest(coalesce(mcm2.original_monster_id, vbdi2.monster_id_2), 
		                        coalesce(mcm3.original_monster_id, vbdi2.monster_id_3)) AS monster_id_3
		             , count(1) as total_count
			         , ROUND(100.0 * SUM(CASE WHEN bll.win_lose = '1' THEN 1 ELSE 0 END) / COUNT(*), 1) as total_rate
			         , sum(case when bll.win_lose = '1' then 1 else 0 end) as win_count
			         , sum(case when bll.win_lose = '2' then 1 else 0 end) as lose_count
				  from view_battle_deck_info vbdi1
				  join view_battle_deck_info vbdi2 on vbdi1.match_id = vbdi2.match_id 
				                                   and vbdi1.log_timestamp = vbdi2.log_timestamp
				                                   and vbdi2.type = 'attack'
				  left join monster_collaboration_mapping mcm1
				         on vbdi2.monster_id_1 = mcm1.collaboration_monster_id
				  left join monster_collaboration_mapping mcm2
				         on vbdi2.monster_id_2 = mcm2.collaboration_monster_id
				  left join monster_collaboration_mapping mcm3
				         on vbdi2.monster_id_3 = mcm3.collaboration_monster_id
				  join battle_log_list bll on vbdi1.match_id = bll.match_id 
				                           and vbdi1.log_timestamp = bll.log_timestamp
				 where vbdi1.type = 'defense'
				   and exists (
				     select 1
				       from guild_siege_battle_log gsbl
				      where gsbl.match_id = bll.match_id
				        and gsbl.guild_id = 54300::text
				   )
				   and vbdi1.monster_id_1 IN ('29315','29715')
				   and LEAST(vbdi1.monster_id_2, vbdi1.monster_id_3) IN ('14034')
				   and GREATEST(vbdi1.monster_id_2, vbdi1.monster_id_3) IN ('14711')

				   AND (
				     'A' = 'A' 
				     OR (
				       SELECT COUNT(*) 
				         FROM guild_siege_season 
				        WHERE end_date IS NULL
				     ) = 0
				     OR SUBSTRING(bll.match_id, 1, 6) >= (
				       SELECT TO_CHAR(DATE_TRUNC('month', start_date), 'YYYYMM')
				         FROM guild_siege_season
				        WHERE end_date IS NULL
				        ORDER BY season_no DESC
				        LIMIT 1
				     )
				   )

		      group by coalesce(mcm1.original_monster_id, vbdi2.monster_id_1)
				     , least(coalesce(mcm2.original_monster_id, vbdi2.monster_id_2), 
				             coalesce(mcm3.original_monster_id, vbdi2.monster_id_3))
				     , greatest(coalesce(mcm2.original_monster_id, vbdi2.monster_id_2), 
				                coalesce(mcm3.original_monster_id, vbdi2.monster_id_3))
			  order by total_count desc, total_rate desc
			  ) a
	 LEFT JOIN monster m1 ON a.monster_id_1 = m1.monster_id
	 LEFT JOIN monster m2 ON a.monster_id_2 = m2.monster_id
	 LEFT JOIN monster m3 ON a.monster_id_3 = m3.monster_id
	 LEFT JOIN monster_leaders ml1 ON m1.leader_id = ml1.leader_id
	  order by total_count desc, total_rate desc

		LIMIT 5::bigint

		OFFSET (1::bigint - 1) * 5::bigint;
 {executed in 330 msec}
2026-02-28 10:50:04.929 [http-nio-8080-exec-9] DEBUG jdbc.sqltiming [4e714f76db39412096e3a1b7ab8e0c9e] -  com.zaxxer.hikari.pool.ProxyPreparedStatement.execute(ProxyPreparedStatement.java:44)
51. /* selectMonsterDetailTeamListCount - 공덱 이력 전체 개수 조회 */
		select count(1) as total_count
		  from (
				select coalesce(mcm1.original_monster_id, vbdi2.monster_id_1) as monster_id_1
		             , least(coalesce(mcm2.original_monster_id, vbdi2.monster_id_2), 
		                     coalesce(mcm3.original_monster_id, vbdi2.monster_id_3)) AS monster_id_2
		             , greatest(coalesce(mcm2.original_monster_id, vbdi2.monster_id_2), 
		                        coalesce(mcm3.original_monster_id, vbdi2.monster_id_3)) AS monster_id_3
				  from view_battle_deck_info vbdi1
				  join view_battle_deck_info vbdi2 on vbdi1.match_id = vbdi2.match_id 
				                                   and vbdi1.log_timestamp = vbdi2.log_timestamp
				                                   and vbdi2.type = 'attack'
				  left join monster_collaboration_mapping mcm1
				         on vbdi2.monster_id_1 = mcm1.collaboration_monster_id
				  left join monster_collaboration_mapping mcm2
				         on vbdi2.monster_id_2 = mcm2.collaboration_monster_id
				  left join monster_collaboration_mapping mcm3
				         on vbdi2.monster_id_3 = mcm3.collaboration_monster_id
				  join battle_log_list bll on vbdi1.match_id = bll.match_id 
				                           and vbdi1.log_timestamp = bll.log_timestamp
				 where vbdi1.type = 'defense'
				   and exists (
				     select 1
				       from guild_siege_battle_log gsbl
				      where gsbl.match_id = bll.match_id
				        and gsbl.guild_id = 54300::text
				   )
				   and vbdi1.monster_id_1 IN ('29315','29715')
				   and LEAST(vbdi1.monster_id_2, vbdi1.monster_id_3) IN ('14034')
				   and GREATEST(vbdi1.monster_id_2, vbdi1.monster_id_3) IN ('14711')

				   AND (
				     'A' = 'A' 
				     OR (
				       SELECT COUNT(*) 
				         FROM guild_siege_season 
				        WHERE end_date IS NULL
				     ) = 0
				     OR SUBSTRING(bll.match_id, 1, 6) >= (
				       SELECT TO_CHAR(DATE_TRUNC('month', start_date), 'YYYYMM')
				         FROM guild_siege_season
				        WHERE end_date IS NULL
				        ORDER BY season_no DESC
				        LIMIT 1
				     )
				   )

		      group by coalesce(mcm1.original_monster_id, vbdi2.monster_id_1)
				     , least(coalesce(mcm2.original_monster_id, vbdi2.monster_id_2), 
				             coalesce(mcm3.original_monster_id, vbdi2.monster_id_3))
				     , greatest(coalesce(mcm2.original_monster_id, vbdi2.monster_id_2), 
				                coalesce(mcm3.original_monster_id, vbdi2.monster_id_3))
			  ) a;
 {executed in 250 msec}
2026-02-28 10:50:05.236 [api-log-1] DEBUG jdbc.sqltiming [4e714f76db39412096e3a1b7ab8e0c9e] -  com.zaxxer.hikari.pool.ProxyPreparedStatement.execute(ProxyPreparedStatement.java:44)
52. /* selectApiByUrl */
		SELECT api_id
		FROM SYS_API
		WHERE api_url = '/api/v1/summonerswar/monster-detail-list'
		LIMIT 1;
 {executed in 153 msec}
2026-02-28 10:50:05.389 [api-log-1] DEBUG jdbc.sqltiming [4e714f76db39412096e3a1b7ab8e0c9e] -  com.zaxxer.hikari.pool.ProxyPreparedStatement.execute(ProxyPreparedStatement.java:44)
52. /* insertApiExecutionLog */
		INSERT INTO SYS_API_EXE_LOG (
			api_id,
			exe_dtm,
			user_id,
			api_exe_url,
			mthd_tp_cd,
			ip_addr,
			lang_cd,
			svr_ip_addr,
			inp_param_txt
		) VALUES (
			'API059',
			'20260228105005',
			'jgh9514',
			'/api/v1/summonerswar/monster-detail-list',
			'POST',
			'0:0:0:0:0:0:0:1',
			'KO',
			'0:0:0:0:0:0:0:1',
			''
		);
 {executed in 150 msec}
2026-02-28 10:55:17.733 [http-nio-8080-exec-15] DEBUG jdbc.sqltiming [cca123d0eef84aebb3a04e4234ac1a3f] -  com.zaxxer.hikari.pool.ProxyPreparedStatement.execute(ProxyPreparedStatement.java:44)
51. /* selectUserInfo */
		SELECT 
			user_id,
			user_pw,
			user_nm,
			usg_yn,
			del_yn,
			lang_cd,
			siege_view_scope
		FROM SYS_USER
		WHERE user_id = 'jgh9514'
		  AND del_yn = 'N';
 {executed in 174 msec}
2026-02-28 10:55:17.885 [http-nio-8080-exec-15] DEBUG jdbc.sqltiming [cca123d0eef84aebb3a04e4234ac1a3f] -  com.zaxxer.hikari.pool.ProxyPreparedStatement.execute(ProxyPreparedStatement.java:44)
51. /* selectUserRoleList */
		select 
			 tur.user_id
			,tur.role_id
			,tcr.role_nm
			,tu.user_nm
			,case when  tur.usg_yn  = 'Y' and tcr.usg_yn  = 'Y' and tu.usg_yn  = 'Y' then 'Y'
				  else 'N'
			 end as usg_yn
			,tur.crt_user_id
			,tur.crt_date
			,tur.upt_user_id
			,tur.upt_date
			,'N' as row_status
		from SYS_USER_ROLE tur
		left outer join SYS_ROLE tcr on tur.role_id  = tcr.role_id 
		left outer join SYS_USER tu on tur.user_id  = tu.user_id
		where tur.del_yn  = 'N'
			and tcr.del_yn  = 'N'
			and tu.del_yn  = 'N'

			and tur.user_id = 'jgh9514'

		order by tcr.sort_sn asc, tur.user_id asc;
 {executed in 150 msec}
2026-02-28 10:55:18.031 [http-nio-8080-exec-15] DEBUG jdbc.sqltiming [cca123d0eef84aebb3a04e4234ac1a3f] -  com.zaxxer.hikari.pool.ProxyPreparedStatement.execute(ProxyPreparedStatement.java:44)
51. /* selectUserGuild */
		select ugh.user_id
			  ,ugh.guild_id
			  ,g.guild_name
			  ,ugh.join_date
			  ,ugh.role
		  from USER_GUILD_HISTORY ugh
		  left outer join GUILD g on ugh.guild_id = g.guild_id
		 where ugh.user_id = 'jgh9514'
		   and ugh.leave_date is null
		 order by ugh.join_date desc
		 limit 1;
 {executed in 144 msec}
2026-02-28 10:55:19.677 [http-nio-8080-exec-15] DEBUG jdbc.sqltiming [cca123d0eef84aebb3a04e4234ac1a3f] -  com.zaxxer.hikari.pool.ProxyPreparedStatement.execute(ProxyPreparedStatement.java:44)
51. /* selectEnemyTeamList - Optimized with JOIN */
        	select a.monster_id_1 || '-' || a.monster_id_2 || '-' || a.monster_id_3 as key
		     , a.monster_id_1
		     , a.monster_id_2
		     , a.monster_id_3
	     , m1.image_url as image_url1
	     , m2.image_url as image_url2
	     , m3.image_url as image_url3
		     , a.total_count
		     , a.total_rate
		     , a.win_count
		     , a.lose_count
		     , m1.leader_id as leader_id
		     , ml1.type as leader_type
		     , ml1.stat as leader_stat
		     , ml1.increase_by as leader_increase_by
		     , ml1.icon_path as leader_icon
		     , get_leader_skill_desc(ml1.type, ml1.stat, ml1.increase_by) as leader_skill_description
		  from (
				select monster_id_1
		             , monster_id_2
		             , monster_id_3
			         , count(1) as total_count
			         , ROUND(100.0 * SUM(CASE WHEN bll.win_lose = '1' THEN 1 ELSE 0 END) / COUNT(*), 1) as total_rate
			         , sum(case when bll.win_lose = '1' then 1 else 0 end) as win_count
			         , sum(case when bll.win_lose = '2' then 1 else 0 end) as lose_count
				  from (
				        select vbdi.match_id
				             , vbdi.log_timestamp
				             , vbdi.type
				             , coalesce(mcm1.original_monster_id, vbdi.monster_id_1) AS monster_id_1
				             , least(coalesce(mcm2.original_monster_id, vbdi.monster_id_2), 
				                     coalesce(mcm3.original_monster_id, vbdi.monster_id_3)) AS monster_id_2
				             , greatest(coalesce(mcm2.original_monster_id, vbdi.monster_id_2), 
				                        coalesce(mcm3.original_monster_id, vbdi.monster_id_3)) AS monster_id_3
				          from view_battle_deck_info vbdi
				          left join monster_collaboration_mapping mcm1
				                 on vbdi.monster_id_1 = mcm1.collaboration_monster_id
				          left join monster_collaboration_mapping mcm2
				                 on vbdi.monster_id_2 = mcm2.collaboration_monster_id
				          left join monster_collaboration_mapping mcm3
				                 on vbdi.monster_id_3 = mcm3.collaboration_monster_id
				          where vbdi.type = 'defense'

				       ) vbdi
			 left join battle_log_list bll
			 		ON vbdi.match_id = bll.match_id
			 	   AND vbdi.log_timestamp = bll.log_timestamp
			 left join monster sm1 on vbdi.monster_id_1 = sm1.monster_id
			 left join monster sm2 on vbdi.monster_id_2 = sm2.monster_id
			 left join monster sm3 on vbdi.monster_id_3 = sm3.monster_id
			  where 1=1

			  	AND EXISTS (
			  	  SELECT 1
			  	    FROM guild_siege_battle_log gsbl
			  	   WHERE gsbl.match_id = bll.match_id
			  	     AND gsbl.guild_id = 54300::text
			  	)

			  	AND (
			  	  'A' = 'A' 
			  	  OR (
			  	    SELECT COUNT(*) 
			  	      FROM guild_siege_season 
			  	     WHERE end_date IS NULL
			  	  ) = 0
			  	  OR SUBSTRING(bll.match_id, 1, 6) >= (
			  	    SELECT TO_CHAR(DATE_TRUNC('month', start_date), 'YYYYMM')
			  	      FROM guild_siege_season
			  	     WHERE end_date IS NULL
			  	     ORDER BY season_no DESC
			  	     LIMIT 1
			  	  )
			  	)

			  group by monster_id_1
			         , monster_id_2
			         , monster_id_3
			  order by total_count desc
			     limit 10::bigint
		        offset 10::bigint * (1::bigint - 1)
		       ) a
	 LEFT JOIN monster m1 ON a.monster_id_1 = m1.monster_id
	 LEFT JOIN monster m2 ON a.monster_id_2 = m2.monster_id
	 LEFT JOIN monster m3 ON a.monster_id_3 = m3.monster_id
	 LEFT JOIN monster_leaders ml1 ON m1.leader_id = ml1.leader_id
	  order by total_count desc;
 {executed in 1644 msec}
2026-02-28 10:55:19.990 [api-log-1] DEBUG jdbc.sqltiming [cca123d0eef84aebb3a04e4234ac1a3f] -  com.zaxxer.hikari.pool.ProxyPreparedStatement.execute(ProxyPreparedStatement.java:44)
52. /* insertApiExecutionLog */
		INSERT INTO SYS_API_EXE_LOG (
			api_id,
			exe_dtm,
			user_id,
			api_exe_url,
			mthd_tp_cd,
			ip_addr,
			lang_cd,
			svr_ip_addr,
			inp_param_txt
		) VALUES (
			'API057',
			'20260228105519',
			'jgh9514',
			'/api/v1/summonerswar/enemyTeam-list',
			'POST',
			'0:0:0:0:0:0:0:1',
			'KO',
			'0:0:0:0:0:0:0:1',
			''
		);
 {executed in 156 msec}
2026-02-28 10:58:23.038 [task-1] DEBUG jdbc.sqltiming [] -  com.zaxxer.hikari.pool.ProxyStatement.executeQuery(ProxyStatement.java:111)
61. select * from information_schema.sequences;
 {executed in 147 msec}
2026-02-28 10:58:23.210 [restartedMain] DEBUG jdbc.sqltiming [] -  com.zaxxer.hikari.pool.ProxyPreparedStatement.execute(ProxyPreparedStatement.java:44)
62. /* selectI18nList */
		SELECT 
			mlang_tp_cd,
			mlang_cd as mlang_id,
			MAX(CASE WHEN lang_cd = 'KO' THEN mlang_txt END) as mlang_key,
			MAX(CASE WHEN lang_cd = 'KO' THEN mlang_txt END) as mlang_txt
		FROM SYS_MLANG
		WHERE mlang_tp_cd IN ('LB', 'MS')
		GROUP BY mlang_tp_cd, mlang_cd;
 {executed in 151 msec}
2026-02-28 10:58:23.362 [restartedMain] DEBUG jdbc.sqltiming [] -  com.zaxxer.hikari.pool.ProxyPreparedStatement.execute(ProxyPreparedStatement.java:44)
62. /* selectI18nList */
		SELECT 
			mlang_tp_cd,
			mlang_cd as mlang_id,
			MAX(CASE WHEN lang_cd = 'KO' THEN mlang_txt END) as mlang_key,
			MAX(CASE WHEN lang_cd = 'EN' THEN mlang_txt END) as mlang_txt
		FROM SYS_MLANG
		WHERE mlang_tp_cd IN ('LB', 'MS')
		GROUP BY mlang_tp_cd, mlang_cd;
 {executed in 151 msec}
2026-02-28 10:58:23.514 [restartedMain] DEBUG jdbc.sqltiming [] -  com.zaxxer.hikari.pool.ProxyPreparedStatement.execute(ProxyPreparedStatement.java:44)
62. /* selectI18nList */
		SELECT 
			mlang_tp_cd,
			mlang_cd as mlang_id,
			MAX(CASE WHEN lang_cd = 'KO' THEN mlang_txt END) as mlang_key,
			MAX(CASE WHEN lang_cd = 'ZH' THEN mlang_txt END) as mlang_txt
		FROM SYS_MLANG
		WHERE mlang_tp_cd IN ('LB', 'MS')
		GROUP BY mlang_tp_cd, mlang_cd;
 {executed in 151 msec}
2026-02-28 10:58:24.626 [restartedMain] DEBUG jdbc.sqltiming [] -  com.zaxxer.hikari.pool.ProxyPreparedStatement.execute(ProxyPreparedStatement.java:44)
62. /* selectBatchConfig */
		SELECT 
			bat_id,
			bat_nm,
			job_class,
			job_class as bat_cls_nm,
			use_yn,
			use_yn as usg_yn,
			cron_expr,
			sort_sn,
			desc_txt
		FROM sys_batch_config
		WHERE 1=1

		ORDER BY sort_sn ASC, bat_id ASC;
 {executed in 150 msec}
2026-02-28 10:58:59.846 [task-1] DEBUG jdbc.sqltiming [] -  com.zaxxer.hikari.pool.ProxyStatement.executeQuery(ProxyStatement.java:111)
71. select * from information_schema.sequences;
 {executed in 156 msec}
2026-02-28 10:59:00.105 [restartedMain] DEBUG jdbc.sqltiming [] -  com.zaxxer.hikari.pool.ProxyPreparedStatement.execute(ProxyPreparedStatement.java:44)
72. /* selectI18nList */
		SELECT 
			mlang_tp_cd,
			mlang_cd as mlang_id,
			MAX(CASE WHEN lang_cd = 'KO' THEN mlang_txt END) as mlang_key,
			MAX(CASE WHEN lang_cd = 'KO' THEN mlang_txt END) as mlang_txt
		FROM SYS_MLANG
		WHERE mlang_tp_cd IN ('LB', 'MS')
		GROUP BY mlang_tp_cd, mlang_cd;
 {executed in 151 msec}
2026-02-28 10:59:00.255 [restartedMain] DEBUG jdbc.sqltiming [] -  com.zaxxer.hikari.pool.ProxyPreparedStatement.execute(ProxyPreparedStatement.java:44)
72. /* selectI18nList */
		SELECT 
			mlang_tp_cd,
			mlang_cd as mlang_id,
			MAX(CASE WHEN lang_cd = 'KO' THEN mlang_txt END) as mlang_key,
			MAX(CASE WHEN lang_cd = 'EN' THEN mlang_txt END) as mlang_txt
		FROM SYS_MLANG
		WHERE mlang_tp_cd IN ('LB', 'MS')
		GROUP BY mlang_tp_cd, mlang_cd;
 {executed in 149 msec}
2026-02-28 10:59:00.400 [restartedMain] DEBUG jdbc.sqltiming [] -  com.zaxxer.hikari.pool.ProxyPreparedStatement.execute(ProxyPreparedStatement.java:44)
72. /* selectI18nList */
		SELECT 
			mlang_tp_cd,
			mlang_cd as mlang_id,
			MAX(CASE WHEN lang_cd = 'KO' THEN mlang_txt END) as mlang_key,
			MAX(CASE WHEN lang_cd = 'ZH' THEN mlang_txt END) as mlang_txt
		FROM SYS_MLANG
		WHERE mlang_tp_cd IN ('LB', 'MS')
		GROUP BY mlang_tp_cd, mlang_cd;
 {executed in 144 msec}
2026-02-28 10:59:01.711 [restartedMain] DEBUG jdbc.sqltiming [] -  com.zaxxer.hikari.pool.ProxyPreparedStatement.execute(ProxyPreparedStatement.java:44)
72. /* selectBatchConfig */
		SELECT 
			bat_id,
			bat_nm,
			job_class,
			job_class as bat_cls_nm,
			use_yn,
			use_yn as usg_yn,
			cron_expr,
			sort_sn,
			desc_txt
		FROM sys_batch_config
		WHERE 1=1

		ORDER BY sort_sn ASC, bat_id ASC;
 {executed in 145 msec}
2026-02-28 11:09:11.432 [api-log-1] DEBUG jdbc.sqltiming [ef2d1a3abc6b488097d401bfb4638288] -  com.zaxxer.hikari.pool.ProxyPreparedStatement.execute(ProxyPreparedStatement.java:44)
71. /* selectApiByUrl */
		SELECT api_id
		FROM SYS_API
		WHERE api_url = '/api/v1/auth/login-check'
		LIMIT 1;
 {executed in 171 msec}
2026-02-28 11:09:11.598 [api-log-1] DEBUG jdbc.sqltiming [ef2d1a3abc6b488097d401bfb4638288] -  com.zaxxer.hikari.pool.ProxyPreparedStatement.execute(ProxyPreparedStatement.java:44)
71. /* insertApiExecutionLog */
		INSERT INTO SYS_API_EXE_LOG (
			api_id,
			exe_dtm,
			user_id,
			api_exe_url,
			mthd_tp_cd,
			ip_addr,
			lang_cd,
			svr_ip_addr,
			inp_param_txt
		) VALUES (
			'API050',
			'20260228110911',
			'ANONYMOUS',
			'/api/v1/auth/login-check',
			'POST',
			'0:0:0:0:0:0:0:1',
			'ko',
			'0:0:0:0:0:0:0:1',
			''
		);
 {executed in 164 msec}
2026-02-28 11:09:11.751 [api-log-1] DEBUG jdbc.sqltiming [50fc443fe6d34568a77639369a56685b] -  com.zaxxer.hikari.pool.ProxyPreparedStatement.execute(ProxyPreparedStatement.java:44)
71. /* selectApiByUrl */
		SELECT api_id
		FROM SYS_API
		WHERE api_url = '/api/v1/summonerswar/enemyTeam-list'
		LIMIT 1;
 {executed in 153 msec}
2026-02-28 11:09:11.907 [api-log-1] DEBUG jdbc.sqltiming [50fc443fe6d34568a77639369a56685b] -  com.zaxxer.hikari.pool.ProxyPreparedStatement.execute(ProxyPreparedStatement.java:44)
71. /* insertApiExecutionLog */
		INSERT INTO SYS_API_EXE_LOG (
			api_id,
			exe_dtm,
			user_id,
			api_exe_url,
			mthd_tp_cd,
			ip_addr,
			lang_cd,
			svr_ip_addr,
			inp_param_txt
		) VALUES (
			'API057',
			'20260228110911',
			'ANONYMOUS',
			'/api/v1/summonerswar/enemyTeam-list',
			'POST',
			'0:0:0:0:0:0:0:1',
			'ko',
			'0:0:0:0:0:0:0:1',
			''
		);
 {executed in 155 msec}
2026-02-28 11:09:12.050 [http-nio-8080-exec-5] DEBUG jdbc.sqltiming [116554d8385e4184839554fd8b5a21ff] -  com.zaxxer.hikari.pool.ProxyPreparedStatement.execute(ProxyPreparedStatement.java:44)
72. /* selectMonsterList */
	    SELECT m.monster_id
		     , m.kr_name
		     , m.un_name
		     , m.monster_elemental
	     , m.image_url as image_url
		     , m2.kr_name as modified_kr_name
		  FROM monster m
		  LEFT JOIN monster m2 ON m2.monster_id = SUBSTR(m.monster_id, 1, 3) || '0' || SUBSTR(m.monster_id, 5)
		 WHERE m.star >= 3
		   AND m.arousal_type != 'Normal'
		 ORDER BY cast(m.monster_id AS INTEGER) asc;
 {executed in 594 msec}
2026-02-28 11:09:12.293 [api-log-1] DEBUG jdbc.sqltiming [116554d8385e4184839554fd8b5a21ff] -  com.zaxxer.hikari.pool.ProxyPreparedStatement.execute(ProxyPreparedStatement.java:44)
71. /* selectApiByUrl */
		SELECT api_id
		FROM SYS_API
		WHERE api_url = '/api/v1/summonerswar/monster-list'
		LIMIT 1;
 {executed in 151 msec}
2026-02-28 11:09:12.446 [api-log-1] DEBUG jdbc.sqltiming [116554d8385e4184839554fd8b5a21ff] -  com.zaxxer.hikari.pool.ProxyPreparedStatement.execute(ProxyPreparedStatement.java:44)
71. /* insertApiExecutionLog */
		INSERT INTO SYS_API_EXE_LOG (
			api_id,
			exe_dtm,
			user_id,
			api_exe_url,
			mthd_tp_cd,
			ip_addr,
			lang_cd,
			svr_ip_addr,
			inp_param_txt
		) VALUES (
			'API055',
			'20260228110912',
			'ANONYMOUS',
			'/api/v1/summonerswar/monster-list',
			'POST',
			'0:0:0:0:0:0:0:1',
			'ko',
			'0:0:0:0:0:0:0:1',
			''
		);
 {executed in 152 msec}
2026-02-28 11:09:13.328 [http-nio-8080-exec-4] DEBUG jdbc.sqltiming [0b5dce322ae842389fde7a360d5c6449] -  com.zaxxer.hikari.pool.ProxyPreparedStatement.execute(ProxyPreparedStatement.java:44)
71. /* selectUserInfo */
		SELECT 
			user_id,
			user_pw,
			user_nm,
			usg_yn,
			del_yn,
			lang_cd,
			siege_view_scope
		FROM SYS_USER
		WHERE user_id = 'jgh9514'
		  AND del_yn = 'N';
 {executed in 154 msec}
2026-02-28 11:09:13.483 [http-nio-8080-exec-4] DEBUG jdbc.sqltiming [0b5dce322ae842389fde7a360d5c6449] -  com.zaxxer.hikari.pool.ProxyPreparedStatement.execute(ProxyPreparedStatement.java:44)
71. /* selectUserRoleList */
		select 
			 tur.user_id
			,tur.role_id
			,tcr.role_nm
			,tu.user_nm
			,case when  tur.usg_yn  = 'Y' and tcr.usg_yn  = 'Y' and tu.usg_yn  = 'Y' then 'Y'
				  else 'N'
			 end as usg_yn
			,tur.crt_user_id
			,tur.crt_date
			,tur.upt_user_id
			,tur.upt_date
			,'N' as row_status
		from SYS_USER_ROLE tur
		left outer join SYS_ROLE tcr on tur.role_id  = tcr.role_id 
		left outer join SYS_USER tu on tur.user_id  = tu.user_id
		where tur.del_yn  = 'N'
			and tcr.del_yn  = 'N'
			and tu.del_yn  = 'N'

			and tur.user_id = 'jgh9514'

		order by tcr.sort_sn asc, tur.user_id asc;
 {executed in 152 msec}
2026-02-28 11:09:13.687 [http-nio-8080-exec-4] DEBUG jdbc.sqltiming [0b5dce322ae842389fde7a360d5c6449] -  com.zaxxer.hikari.pool.ProxyPreparedStatement.execute(ProxyPreparedStatement.java:44)
71. /* selectUserGuild */
		select ugh.user_id
			  ,ugh.guild_id
			  ,g.guild_name
			  ,ugh.join_date
			  ,ugh.role
		  from USER_GUILD_HISTORY ugh
		  left outer join GUILD g on ugh.guild_id = g.guild_id
		 where ugh.user_id = 'jgh9514'
		   and ugh.leave_date is null
		 order by ugh.join_date desc
		 limit 1;
 {executed in 153 msec}
2026-02-28 11:09:13.840 [http-nio-8080-exec-4] DEBUG jdbc.sqltiming [0b5dce322ae842389fde7a360d5c6449] -  com.zaxxer.hikari.pool.ProxyPreparedStatement.execute(ProxyPreparedStatement.java:44)
71. /* insertUserLoginLog */
		INSERT INTO SYS_USER_LOGIN_LOG (
			user_id,
			login_date,
			ip_addr,
			lang_cd
		) VALUES (
			'jgh9514',
			'20260228110913',
			'0:0:0:0:0:0:0:1',
			'KO'
		);
 {executed in 151 msec}
2026-02-28 11:09:14.012 [api-log-1] DEBUG jdbc.sqltiming [0b5dce322ae842389fde7a360d5c6449] -  com.zaxxer.hikari.pool.ProxyPreparedStatement.execute(ProxyPreparedStatement.java:44)
71. /* selectApiByUrl */
		SELECT api_id
		FROM SYS_API
		WHERE api_url = '/api/v1/auth/login'
		LIMIT 1;
 {executed in 154 msec}
2026-02-28 11:09:14.166 [api-log-1] DEBUG jdbc.sqltiming [0b5dce322ae842389fde7a360d5c6449] -  com.zaxxer.hikari.pool.ProxyPreparedStatement.execute(ProxyPreparedStatement.java:44)
71. /* insertApiExecutionLog */
		INSERT INTO SYS_API_EXE_LOG (
			api_id,
			exe_dtm,
			user_id,
			api_exe_url,
			mthd_tp_cd,
			ip_addr,
			lang_cd,
			svr_ip_addr,
			inp_param_txt
		) VALUES (
			'API047',
			'20260228110914',
			'ANONYMOUS',
			'/api/v1/auth/login',
			'POST',
			'0:0:0:0:0:0:0:1',
			'ko',
			'0:0:0:0:0:0:0:1',
			''
		);
 {executed in 153 msec}
2026-02-28 11:09:15.591 [http-nio-8080-exec-8] DEBUG jdbc.sqltiming [3c400cef4c284adeb952111fef75762e] -  com.zaxxer.hikari.pool.ProxyPreparedStatement.execute(ProxyPreparedStatement.java:44)
72. /* selectUserInfo */
		SELECT 
			user_id,
			user_pw,
			user_nm,
			usg_yn,
			del_yn,
			lang_cd,
			siege_view_scope
		FROM SYS_USER
		WHERE user_id = 'jgh9514'
		  AND del_yn = 'N';
 {executed in 146 msec}
2026-02-28 11:09:15.599 [http-nio-8080-exec-7] DEBUG jdbc.sqltiming [164efcab26b1465db38f9bead21fe546] -  com.zaxxer.hikari.pool.ProxyPreparedStatement.execute(ProxyPreparedStatement.java:44)
71. /* selectUserInfo */
		SELECT 
			user_id,
			user_pw,
			user_nm,
			usg_yn,
			del_yn,
			lang_cd,
			siege_view_scope
		FROM SYS_USER
		WHERE user_id = 'jgh9514'
		  AND del_yn = 'N';
 {executed in 149 msec}
2026-02-28 11:09:15.737 [http-nio-8080-exec-8] DEBUG jdbc.sqltiming [3c400cef4c284adeb952111fef75762e] -  com.zaxxer.hikari.pool.ProxyPreparedStatement.execute(ProxyPreparedStatement.java:44)
72. /* selectUserRoleList */
		select 
			 tur.user_id
			,tur.role_id
			,tcr.role_nm
			,tu.user_nm
			,case when  tur.usg_yn  = 'Y' and tcr.usg_yn  = 'Y' and tu.usg_yn  = 'Y' then 'Y'
				  else 'N'
			 end as usg_yn
			,tur.crt_user_id
			,tur.crt_date
			,tur.upt_user_id
			,tur.upt_date
			,'N' as row_status
		from SYS_USER_ROLE tur
		left outer join SYS_ROLE tcr on tur.role_id  = tcr.role_id 
		left outer join SYS_USER tu on tur.user_id  = tu.user_id
		where tur.del_yn  = 'N'
			and tcr.del_yn  = 'N'
			and tu.del_yn  = 'N'

			and tur.user_id = 'jgh9514'

		order by tcr.sort_sn asc, tur.user_id asc;
 {executed in 145 msec}
2026-02-28 11:09:15.751 [http-nio-8080-exec-7] DEBUG jdbc.sqltiming [164efcab26b1465db38f9bead21fe546] -  com.zaxxer.hikari.pool.ProxyPreparedStatement.execute(ProxyPreparedStatement.java:44)
71. /* selectUserRoleList */
		select 
			 tur.user_id
			,tur.role_id
			,tcr.role_nm
			,tu.user_nm
			,case when  tur.usg_yn  = 'Y' and tcr.usg_yn  = 'Y' and tu.usg_yn  = 'Y' then 'Y'
				  else 'N'
			 end as usg_yn
			,tur.crt_user_id
			,tur.crt_date
			,tur.upt_user_id
			,tur.upt_date
			,'N' as row_status
		from SYS_USER_ROLE tur
		left outer join SYS_ROLE tcr on tur.role_id  = tcr.role_id 
		left outer join SYS_USER tu on tur.user_id  = tu.user_id
		where tur.del_yn  = 'N'
			and tcr.del_yn  = 'N'
			and tu.del_yn  = 'N'

			and tur.user_id = 'jgh9514'

		order by tcr.sort_sn asc, tur.user_id asc;
 {executed in 150 msec}
2026-02-28 11:09:15.886 [http-nio-8080-exec-8] DEBUG jdbc.sqltiming [3c400cef4c284adeb952111fef75762e] -  com.zaxxer.hikari.pool.ProxyPreparedStatement.execute(ProxyPreparedStatement.java:44)
72. /* selectUserGuild */
		select ugh.user_id
			  ,ugh.guild_id
			  ,g.guild_name
			  ,ugh.join_date
			  ,ugh.role
		  from USER_GUILD_HISTORY ugh
		  left outer join GUILD g on ugh.guild_id = g.guild_id
		 where ugh.user_id = 'jgh9514'
		   and ugh.leave_date is null
		 order by ugh.join_date desc
		 limit 1;
 {executed in 147 msec}
2026-02-28 11:09:15.904 [http-nio-8080-exec-7] DEBUG jdbc.sqltiming [164efcab26b1465db38f9bead21fe546] -  com.zaxxer.hikari.pool.ProxyPreparedStatement.execute(ProxyPreparedStatement.java:44)
71. /* selectUserGuild */
		select ugh.user_id
			  ,ugh.guild_id
			  ,g.guild_name
			  ,ugh.join_date
			  ,ugh.role
		  from USER_GUILD_HISTORY ugh
		  left outer join GUILD g on ugh.guild_id = g.guild_id
		 where ugh.user_id = 'jgh9514'
		   and ugh.leave_date is null
		 order by ugh.join_date desc
		 limit 1;
 {executed in 151 msec}
2026-02-28 11:09:16.047 [http-nio-8080-exec-8] DEBUG jdbc.sqltiming [3c400cef4c284adeb952111fef75762e] -  com.zaxxer.hikari.pool.ProxyPreparedStatement.execute(ProxyPreparedStatement.java:44)
72. /* selectPopupNoticeList */
		select n.notice_id
			  ,n.title
			  ,n.content
			  ,n.is_important
			  ,n.is_popup
			  ,n.view_count
			  ,n.crt_user_id
			  ,n.crt_date
			  ,n.upt_user_id
			  ,n.upt_date
			  ,tu.user_nm as user_name
		  from NOTICE n
		  left outer join SYS_USER tu on n.crt_user_id = tu.user_id
		 where n.del_yn = 'N'
		   and n.is_popup = true
		 order by n.is_important desc, n.crt_date desc;
 {executed in 144 msec}
2026-02-28 11:09:16.076 [http-nio-8080-exec-7] DEBUG jdbc.sqltiming [164efcab26b1465db38f9bead21fe546] -  com.zaxxer.hikari.pool.ProxyPreparedStatement.execute(ProxyPreparedStatement.java:44)
71. /* selectUserGuild */
		select ugh.user_id
			  ,ugh.guild_id
			  ,g.guild_name
			  ,ugh.join_date
			  ,ugh.role
		  from USER_GUILD_HISTORY ugh
		  left outer join GUILD g on ugh.guild_id = g.guild_id
		 where ugh.user_id = NULL
		   and ugh.leave_date is null
		 order by ugh.join_date desc
		 limit 1;
 {executed in 149 msec}
2026-02-28 11:09:16.195 [api-log-1] DEBUG jdbc.sqltiming [3c400cef4c284adeb952111fef75762e] -  com.zaxxer.hikari.pool.ProxyPreparedStatement.execute(ProxyPreparedStatement.java:44)
72. /* selectApiByUrl */
		SELECT api_id
		FROM SYS_API
		WHERE api_url = '/api/v1/community/notice/popup/list'
		LIMIT 1;
 {executed in 144 msec}
2026-02-28 11:09:16.340 [api-log-1] DEBUG jdbc.sqltiming [164efcab26b1465db38f9bead21fe546] -  com.zaxxer.hikari.pool.ProxyPreparedStatement.execute(ProxyPreparedStatement.java:44)
72. /* selectApiByUrl */
		SELECT api_id
		FROM SYS_API
		WHERE api_url = '/api/v1/smw/guild/user-guild'
		LIMIT 1;
 {executed in 145 msec}
2026-02-28 11:09:17.469 [api-log-1] DEBUG jdbc.sqltiming [aa68638f139047e1832680f214e6abe0] -  com.zaxxer.hikari.pool.ProxyPreparedStatement.execute(ProxyPreparedStatement.java:44)
72. /* insertApiExecutionLog */
		INSERT INTO SYS_API_EXE_LOG (
			api_id,
			exe_dtm,
			user_id,
			api_exe_url,
			mthd_tp_cd,
			ip_addr,
			lang_cd,
			svr_ip_addr,
			inp_param_txt
		) VALUES (
			'API055',
			'20260228110917',
			'jgh9514',
			'/api/v1/summonerswar/monster-list',
			'POST',
			'0:0:0:0:0:0:0:1',
			'KO',
			'0:0:0:0:0:0:0:1',
			''
		);
 {executed in 184 msec}
2026-02-28 11:09:18.876 [http-nio-8080-exec-9] DEBUG jdbc.sqltiming [9cf028a63db443bb8a8b16e365b6aa0c] -  com.zaxxer.hikari.pool.ProxyPreparedStatement.execute(ProxyPreparedStatement.java:44)
71. /* selectEnemyTeamList - Optimized with JOIN */
        	select a.monster_id_1 || '-' || a.monster_id_2 || '-' || a.monster_id_3 as key
		     , a.monster_id_1
		     , a.monster_id_2
		     , a.monster_id_3
	     , m1.image_url as image_url1
	     , m2.image_url as image_url2
	     , m3.image_url as image_url3
		     , a.total_count
		     , a.total_rate
		     , a.win_count
		     , a.lose_count
		     , m1.leader_id as leader_id
		     , ml1.type as leader_type
		     , ml1.stat as leader_stat
		     , ml1.increase_by as leader_increase_by
		     , ml1.icon_path as leader_icon
		     , get_leader_skill_desc(ml1.type, ml1.stat, ml1.increase_by) as leader_skill_description
		  from (
				select monster_id_1
		             , monster_id_2
		             , monster_id_3
			         , count(1) as total_count
			         , ROUND(100.0 * SUM(CASE WHEN bll.win_lose = '1' THEN 1 ELSE 0 END) / COUNT(*), 1) as total_rate
			         , sum(case when bll.win_lose = '1' then 1 else 0 end) as win_count
			         , sum(case when bll.win_lose = '2' then 1 else 0 end) as lose_count
				  from (
				        select vbdi.match_id
				             , vbdi.log_timestamp
				             , vbdi.type
				             , coalesce(mcm1.original_monster_id, vbdi.monster_id_1) AS monster_id_1
				             , least(coalesce(mcm2.original_monster_id, vbdi.monster_id_2), 
				                     coalesce(mcm3.original_monster_id, vbdi.monster_id_3)) AS monster_id_2
				             , greatest(coalesce(mcm2.original_monster_id, vbdi.monster_id_2), 
				                        coalesce(mcm3.original_monster_id, vbdi.monster_id_3)) AS monster_id_3
				          from view_battle_deck_info vbdi
				          left join monster_collaboration_mapping mcm1
				                 on vbdi.monster_id_1 = mcm1.collaboration_monster_id
				          left join monster_collaboration_mapping mcm2
				                 on vbdi.monster_id_2 = mcm2.collaboration_monster_id
				          left join monster_collaboration_mapping mcm3
				                 on vbdi.monster_id_3 = mcm3.collaboration_monster_id
				          where vbdi.type = 'defense'

				       ) vbdi
			 left join battle_log_list bll
			 		ON vbdi.match_id = bll.match_id
			 	   AND vbdi.log_timestamp = bll.log_timestamp
			 left join monster sm1 on vbdi.monster_id_1 = sm1.monster_id
			 left join monster sm2 on vbdi.monster_id_2 = sm2.monster_id
			 left join monster sm3 on vbdi.monster_id_3 = sm3.monster_id
			  JOIN (
			  	SELECT DISTINCT match_id
			  	  FROM guild_siege_battle_log
			  	 WHERE guild_id = 54300::text
			  ) mym ON mym.match_id = bll.match_id
			  where 1=1

			  	AND (
			  	  'A' = 'A' 
			  	  OR (
			  	    SELECT COUNT(*) 
			  	      FROM guild_siege_season 
			  	     WHERE end_date IS NULL
			  	  ) = 0
			  	  OR SUBSTRING(bll.match_id, 1, 6) >= (
			  	    SELECT TO_CHAR(DATE_TRUNC('month', start_date), 'YYYYMM')
			  	      FROM guild_siege_season
			  	     WHERE end_date IS NULL
			  	     ORDER BY season_no DESC
			  	     LIMIT 1
			  	  )
			  	)

			  group by monster_id_1
			         , monster_id_2
			         , monster_id_3
			  order by total_count desc
			     limit 10::bigint
		        offset 10::bigint * (1::bigint - 1)
		       ) a
	 LEFT JOIN monster m1 ON a.monster_id_1 = m1.monster_id
	 LEFT JOIN monster m2 ON a.monster_id_2 = m2.monster_id
	 LEFT JOIN monster m3 ON a.monster_id_3 = m3.monster_id
	 LEFT JOIN monster_leaders ml1 ON m1.leader_id = ml1.leader_id
	  order by total_count desc;
 {executed in 1673 msec}
2026-02-28 11:09:19.175 [api-log-1] DEBUG jdbc.sqltiming [9cf028a63db443bb8a8b16e365b6aa0c] -  com.zaxxer.hikari.pool.ProxyPreparedStatement.execute(ProxyPreparedStatement.java:44)
72. /* insertApiExecutionLog */
		INSERT INTO SYS_API_EXE_LOG (
			api_id,
			exe_dtm,
			user_id,
			api_exe_url,
			mthd_tp_cd,
			ip_addr,
			lang_cd,
			svr_ip_addr,
			inp_param_txt
		) VALUES (
			'API057',
			'20260228110918',
			'jgh9514',
			'/api/v1/summonerswar/enemyTeam-list',
			'POST',
			'0:0:0:0:0:0:0:1',
			'KO',
			'0:0:0:0:0:0:0:1',
			''
		);
 {executed in 147 msec}
2026-02-28 11:09:25.660 [api-log-1] DEBUG jdbc.sqltiming [a15aadac83474c488c4489b3398aae2a] -  com.zaxxer.hikari.pool.ProxyPreparedStatement.execute(ProxyPreparedStatement.java:44)
72. /* insertApiExecutionLog */
		INSERT INTO SYS_API_EXE_LOG (
			api_id,
			exe_dtm,
			user_id,
			api_exe_url,
			mthd_tp_cd,
			ip_addr,
			lang_cd,
			svr_ip_addr,
			inp_param_txt
		) VALUES (
			'API050',
			'20260228110925',
			'jgh9514',
			'/api/v1/auth/login-check',
			'POST',
			'0:0:0:0:0:0:0:1',
			'KO',
			'0:0:0:0:0:0:0:1',
			''
		);
 {executed in 147 msec}
2026-02-28 11:09:25.812 [api-log-1] DEBUG jdbc.sqltiming [cc3f9ee76be84e7da2d38fa998bdb097] -  com.zaxxer.hikari.pool.ProxyPreparedStatement.execute(ProxyPreparedStatement.java:44)
72. /* insertApiExecutionLog */
		INSERT INTO SYS_API_EXE_LOG (
			api_id,
			exe_dtm,
			user_id,
			api_exe_url,
			mthd_tp_cd,
			ip_addr,
			lang_cd,
			svr_ip_addr,
			inp_param_txt
		) VALUES (
			'API050',
			'20260228110925',
			'jgh9514',
			'/api/v1/auth/login-check',
			'POST',
			'0:0:0:0:0:0:0:1',
			'KO',
			'0:0:0:0:0:0:0:1',
			''
		);
 {executed in 151 msec}
2026-02-28 11:09:26.178 [api-log-1] DEBUG jdbc.sqltiming [653cfd35a1a34fddacc64aa29215f340] -  com.zaxxer.hikari.pool.ProxyPreparedStatement.execute(ProxyPreparedStatement.java:44)
73. /* insertApiExecutionLog */
		INSERT INTO SYS_API_EXE_LOG (
			api_id,
			exe_dtm,
			user_id,
			api_exe_url,
			mthd_tp_cd,
			ip_addr,
			lang_cd,
			svr_ip_addr,
			inp_param_txt
		) VALUES (
			'API055',
			'20260228110925',
			'jgh9514',
			'/api/v1/summonerswar/monster-list',
			'POST',
			'0:0:0:0:0:0:0:1',
			'KO',
			'0:0:0:0:0:0:0:1',
			''
		);
 {executed in 150 msec}
2026-02-28 11:09:25.974 [http-nio-8080-exec-15] DEBUG jdbc.sqltiming [e852b6b5c62a466ab6459610445540b7] -  com.zaxxer.hikari.pool.ProxyPreparedStatement.execute(ProxyPreparedStatement.java:44)
72. /* selectUserGuild */
		select ugh.user_id
			  ,ugh.guild_id
			  ,g.guild_name
			  ,ugh.join_date
			  ,ugh.role
		  from USER_GUILD_HISTORY ugh
		  left outer join GUILD g on ugh.guild_id = g.guild_id
		 where ugh.user_id = NULL
		   and ugh.leave_date is null
		 order by ugh.join_date desc
		 limit 1;
 {executed in 145 msec}
2026-02-28 11:09:28.179 [http-nio-8080-exec-14] DEBUG jdbc.sqltiming [0748402844a04fb2863c40b8ebdcd04b] -  com.zaxxer.hikari.pool.ProxyPreparedStatement.execute(ProxyPreparedStatement.java:44)
71. /* selectEnemyTeamList - Optimized with JOIN */
        	select a.monster_id_1 || '-' || a.monster_id_2 || '-' || a.monster_id_3 as key
		     , a.monster_id_1
		     , a.monster_id_2
		     , a.monster_id_3
	     , m1.image_url as image_url1
	     , m2.image_url as image_url2
	     , m3.image_url as image_url3
		     , a.total_count
		     , a.total_rate
		     , a.win_count
		     , a.lose_count
		     , m1.leader_id as leader_id
		     , ml1.type as leader_type
		     , ml1.stat as leader_stat
		     , ml1.increase_by as leader_increase_by
		     , ml1.icon_path as leader_icon
		     , get_leader_skill_desc(ml1.type, ml1.stat, ml1.increase_by) as leader_skill_description
		  from (
				select monster_id_1
		             , monster_id_2
		             , monster_id_3
			         , count(1) as total_count
			         , ROUND(100.0 * SUM(CASE WHEN bll.win_lose = '1' THEN 1 ELSE 0 END) / COUNT(*), 1) as total_rate
			         , sum(case when bll.win_lose = '1' then 1 else 0 end) as win_count
			         , sum(case when bll.win_lose = '2' then 1 else 0 end) as lose_count
				  from (
				        select vbdi.match_id
				             , vbdi.log_timestamp
				             , vbdi.type
				             , coalesce(mcm1.original_monster_id, vbdi.monster_id_1) AS monster_id_1
				             , least(coalesce(mcm2.original_monster_id, vbdi.monster_id_2), 
				                     coalesce(mcm3.original_monster_id, vbdi.monster_id_3)) AS monster_id_2
				             , greatest(coalesce(mcm2.original_monster_id, vbdi.monster_id_2), 
				                        coalesce(mcm3.original_monster_id, vbdi.monster_id_3)) AS monster_id_3
				          from view_battle_deck_info vbdi
				          left join monster_collaboration_mapping mcm1
				                 on vbdi.monster_id_1 = mcm1.collaboration_monster_id
				          left join monster_collaboration_mapping mcm2
				                 on vbdi.monster_id_2 = mcm2.collaboration_monster_id
				          left join monster_collaboration_mapping mcm3
				                 on vbdi.monster_id_3 = mcm3.collaboration_monster_id
				          where vbdi.type = 'defense'

				       ) vbdi
			 left join battle_log_list bll
			 		ON vbdi.match_id = bll.match_id
			 	   AND vbdi.log_timestamp = bll.log_timestamp
			 left join monster sm1 on vbdi.monster_id_1 = sm1.monster_id
			 left join monster sm2 on vbdi.monster_id_2 = sm2.monster_id
			 left join monster sm3 on vbdi.monster_id_3 = sm3.monster_id
			  JOIN (
			  	SELECT DISTINCT match_id
			  	  FROM guild_siege_battle_log
			  	 WHERE guild_id = 54300::text
			  ) mym ON mym.match_id = bll.match_id
			  where 1=1

			  	AND (
			  	  'A' = 'A' 
			  	  OR (
			  	    SELECT COUNT(*) 
			  	      FROM guild_siege_season 
			  	     WHERE end_date IS NULL
			  	  ) = 0
			  	  OR SUBSTRING(bll.match_id, 1, 6) >= (
			  	    SELECT TO_CHAR(DATE_TRUNC('month', start_date), 'YYYYMM')
			  	      FROM guild_siege_season
			  	     WHERE end_date IS NULL
			  	     ORDER BY season_no DESC
			  	     LIMIT 1
			  	  )
			  	)

			  group by monster_id_1
			         , monster_id_2
			         , monster_id_3
			  order by total_count desc
			     limit 10::bigint
		        offset 10::bigint * (1::bigint - 1)
		       ) a
	 LEFT JOIN monster m1 ON a.monster_id_1 = m1.monster_id
	 LEFT JOIN monster m2 ON a.monster_id_2 = m2.monster_id
	 LEFT JOIN monster m3 ON a.monster_id_3 = m3.monster_id
	 LEFT JOIN monster_leaders ml1 ON m1.leader_id = ml1.leader_id
	  order by total_count desc;
 {executed in 1851 msec}
2026-02-28 11:09:28.477 [api-log-1] DEBUG jdbc.sqltiming [0748402844a04fb2863c40b8ebdcd04b] -  com.zaxxer.hikari.pool.ProxyPreparedStatement.execute(ProxyPreparedStatement.java:44)
73. /* insertApiExecutionLog */
		INSERT INTO SYS_API_EXE_LOG (
			api_id,
			exe_dtm,
			user_id,
			api_exe_url,
			mthd_tp_cd,
			ip_addr,
			lang_cd,
			svr_ip_addr,
			inp_param_txt
		) VALUES (
			'API057',
			'20260228110928',
			'jgh9514',
			'/api/v1/summonerswar/enemyTeam-list',
			'POST',
			'0:0:0:0:0:0:0:1',
			'KO',
			'0:0:0:0:0:0:0:1',
			''
		);
 {executed in 151 msec}
2026-02-28 11:17:39.379 [http-nio-8080-exec-20] DEBUG jdbc.sqltiming [6485925fe0314b7d80aa68fa77173f81] -  com.zaxxer.hikari.pool.ProxyPreparedStatement.execute(ProxyPreparedStatement.java:44)
71. /* selectUserInfo */
		SELECT 
			user_id,
			user_pw,
			user_nm,
			usg_yn,
			del_yn,
			lang_cd,
			siege_view_scope
		FROM SYS_USER
		WHERE user_id = 'jgh9514'
		  AND del_yn = 'N';
 {executed in 344 msec}
2026-02-28 11:17:39.544 [http-nio-8080-exec-20] DEBUG jdbc.sqltiming [6485925fe0314b7d80aa68fa77173f81] -  com.zaxxer.hikari.pool.ProxyPreparedStatement.execute(ProxyPreparedStatement.java:44)
71. /* selectUserRoleList */
		select 
			 tur.user_id
			,tur.role_id
			,tcr.role_nm
			,tu.user_nm
			,case when  tur.usg_yn  = 'Y' and tcr.usg_yn  = 'Y' and tu.usg_yn  = 'Y' then 'Y'
				  else 'N'
			 end as usg_yn
			,tur.crt_user_id
			,tur.crt_date
			,tur.upt_user_id
			,tur.upt_date
			,'N' as row_status
		from SYS_USER_ROLE tur
		left outer join SYS_ROLE tcr on tur.role_id  = tcr.role_id 
		left outer join SYS_USER tu on tur.user_id  = tu.user_id
		where tur.del_yn  = 'N'
			and tcr.del_yn  = 'N'
			and tu.del_yn  = 'N'

			and tur.user_id = 'jgh9514'

		order by tcr.sort_sn asc, tur.user_id asc;
 {executed in 163 msec}
2026-02-28 11:17:39.697 [http-nio-8080-exec-20] DEBUG jdbc.sqltiming [6485925fe0314b7d80aa68fa77173f81] -  com.zaxxer.hikari.pool.ProxyPreparedStatement.execute(ProxyPreparedStatement.java:44)
71. /* selectUserGuild */
		select ugh.user_id
			  ,ugh.guild_id
			  ,g.guild_name
			  ,ugh.join_date
			  ,ugh.role
		  from USER_GUILD_HISTORY ugh
		  left outer join GUILD g on ugh.guild_id = g.guild_id
		 where ugh.user_id = 'jgh9514'
		   and ugh.leave_date is null
		 order by ugh.join_date desc
		 limit 1;
 {executed in 151 msec}
2026-02-28 11:17:40.036 [api-log-1] DEBUG jdbc.sqltiming [6485925fe0314b7d80aa68fa77173f81] -  com.zaxxer.hikari.pool.ProxyPreparedStatement.execute(ProxyPreparedStatement.java:44)
73. /* insertApiExecutionLog */
		INSERT INTO SYS_API_EXE_LOG (
			api_id,
			exe_dtm,
			user_id,
			api_exe_url,
			mthd_tp_cd,
			ip_addr,
			lang_cd,
			svr_ip_addr,
			inp_param_txt
		) VALUES (
			'API050',
			'20260228111739',
			'jgh9514',
			'/api/v1/auth/login-check',
			'POST',
			'0:0:0:0:0:0:0:1',
			'KO',
			'0:0:0:0:0:0:0:1',
			''
		);
 {executed in 179 msec}
2026-02-28 11:17:40.214 [http-nio-8080-exec-24] DEBUG jdbc.sqltiming [e48436d1d1564e92ab89c2d2c654aa81] -  com.zaxxer.hikari.pool.ProxyPreparedStatement.execute(ProxyPreparedStatement.java:44)
72. /* selectUserGuild */
		select ugh.user_id
			  ,ugh.guild_id
			  ,g.guild_name
			  ,ugh.join_date
			  ,ugh.role
		  from USER_GUILD_HISTORY ugh
		  left outer join GUILD g on ugh.guild_id = g.guild_id
		 where ugh.user_id = NULL
		   and ugh.leave_date is null
		 order by ugh.join_date desc
		 limit 1;
 {executed in 188 msec}
2026-02-28 11:17:40.223 [api-log-1] DEBUG jdbc.sqltiming [287252c0d83c4ceca8fb5c89ba1734a4] -  com.zaxxer.hikari.pool.ProxyPreparedStatement.execute(ProxyPreparedStatement.java:44)
73. /* insertApiExecutionLog */
		INSERT INTO SYS_API_EXE_LOG (
			api_id,
			exe_dtm,
			user_id,
			api_exe_url,
			mthd_tp_cd,
			ip_addr,
			lang_cd,
			svr_ip_addr,
			inp_param_txt
		) VALUES (
			'API055',
			'20260228111740',
			'jgh9514',
			'/api/v1/summonerswar/monster-list',
			'POST',
			'0:0:0:0:0:0:0:1',
			'KO',
			'0:0:0:0:0:0:0:1',
			''
		);
 {executed in 186 msec}
2026-02-28 11:17:41.726 [http-nio-8080-exec-23] DEBUG jdbc.sqltiming [4e41d060c0104c7290e4866096345b04] -  com.zaxxer.hikari.pool.ProxyPreparedStatement.execute(ProxyPreparedStatement.java:44)
71. /* selectEnemyTeamList - Optimized with JOIN */
        	select a.monster_id_1 || '-' || a.monster_id_2 || '-' || a.monster_id_3 as key
		     , a.monster_id_1
		     , a.monster_id_2
		     , a.monster_id_3
	     , m1.image_url as image_url1
	     , m2.image_url as image_url2
	     , m3.image_url as image_url3
		     , a.total_count
		     , a.total_rate
		     , a.win_count
		     , a.lose_count
		     , m1.leader_id as leader_id
		     , ml1.type as leader_type
		     , ml1.stat as leader_stat
		     , ml1.increase_by as leader_increase_by
		     , ml1.icon_path as leader_icon
		     , get_leader_skill_desc(ml1.type, ml1.stat, ml1.increase_by) as leader_skill_description
		  from (
				select monster_id_1
		             , monster_id_2
		             , monster_id_3
			         , count(1) as total_count
			         , ROUND(100.0 * SUM(CASE WHEN bll.win_lose = '1' THEN 1 ELSE 0 END) / COUNT(*), 1) as total_rate
			         , sum(case when bll.win_lose = '1' then 1 else 0 end) as win_count
			         , sum(case when bll.win_lose = '2' then 1 else 0 end) as lose_count
				  from (
				        select vbdi.match_id
				             , vbdi.log_timestamp
				             , vbdi.type
				             , coalesce(mcm1.original_monster_id, vbdi.monster_id_1) AS monster_id_1
				             , least(coalesce(mcm2.original_monster_id, vbdi.monster_id_2), 
				                     coalesce(mcm3.original_monster_id, vbdi.monster_id_3)) AS monster_id_2
				             , greatest(coalesce(mcm2.original_monster_id, vbdi.monster_id_2), 
				                        coalesce(mcm3.original_monster_id, vbdi.monster_id_3)) AS monster_id_3
				          from view_battle_deck_info vbdi
				          left join monster_collaboration_mapping mcm1
				                 on vbdi.monster_id_1 = mcm1.collaboration_monster_id
				          left join monster_collaboration_mapping mcm2
				                 on vbdi.monster_id_2 = mcm2.collaboration_monster_id
				          left join monster_collaboration_mapping mcm3
				                 on vbdi.monster_id_3 = mcm3.collaboration_monster_id
				          where vbdi.type = 'defense'

				       ) vbdi
			 left join battle_log_list bll
			 		ON vbdi.match_id = bll.match_id
			 	   AND vbdi.log_timestamp = bll.log_timestamp
			 left join monster sm1 on vbdi.monster_id_1 = sm1.monster_id
			 left join monster sm2 on vbdi.monster_id_2 = sm2.monster_id
			 left join monster sm3 on vbdi.monster_id_3 = sm3.monster_id
			  JOIN (
			  	SELECT DISTINCT match_id
			  	  FROM guild_siege_battle_log
			  	 WHERE guild_id = 54300::text
			  ) mym ON mym.match_id = bll.match_id
			  where 1=1

			  	AND (
			  	  'A' = 'A' 
			  	  OR (
			  	    SELECT COUNT(*) 
			  	      FROM guild_siege_season 
			  	     WHERE end_date IS NULL
			  	  ) = 0
			  	  OR SUBSTRING(bll.match_id, 1, 6) >= (
			  	    SELECT TO_CHAR(DATE_TRUNC('month', start_date), 'YYYYMM')
			  	      FROM guild_siege_season
			  	     WHERE end_date IS NULL
			  	     ORDER BY season_no DESC
			  	     LIMIT 1
			  	  )
			  	)

			  group by monster_id_1
			         , monster_id_2
			         , monster_id_3
			  order by total_count desc
			     limit 10::bigint
		        offset 10::bigint * (1::bigint - 1)
		       ) a
	 LEFT JOIN monster m1 ON a.monster_id_1 = m1.monster_id
	 LEFT JOIN monster m2 ON a.monster_id_2 = m2.monster_id
	 LEFT JOIN monster m3 ON a.monster_id_3 = m3.monster_id
	 LEFT JOIN monster_leaders ml1 ON m1.leader_id = ml1.leader_id
	  order by total_count desc;
 {executed in 1845 msec}
2026-02-28 11:17:42.036 [api-log-1] DEBUG jdbc.sqltiming [4e41d060c0104c7290e4866096345b04] -  com.zaxxer.hikari.pool.ProxyPreparedStatement.execute(ProxyPreparedStatement.java:44)
73. /* insertApiExecutionLog */
		INSERT INTO SYS_API_EXE_LOG (
			api_id,
			exe_dtm,
			user_id,
			api_exe_url,
			mthd_tp_cd,
			ip_addr,
			lang_cd,
			svr_ip_addr,
			inp_param_txt
		) VALUES (
			'API057',
			'20260228111741',
			'jgh9514',
			'/api/v1/summonerswar/enemyTeam-list',
			'POST',
			'0:0:0:0:0:0:0:1',
			'KO',
			'0:0:0:0:0:0:0:1',
			''
		);
 {executed in 153 msec}
2026-02-28 11:17:55.190 [api-log-1] DEBUG jdbc.sqltiming [2e9e0837b5d6408b81e4eac1c0491d60] -  com.zaxxer.hikari.pool.ProxyPreparedStatement.execute(ProxyPreparedStatement.java:44)
73. /* insertApiExecutionLog */
		INSERT INTO SYS_API_EXE_LOG (
			api_id,
			exe_dtm,
			user_id,
			api_exe_url,
			mthd_tp_cd,
			ip_addr,
			lang_cd,
			svr_ip_addr,
			inp_param_txt
		) VALUES (
			'API050',
			'20260228111754',
			'jgh9514',
			'/api/v1/auth/login-check',
			'POST',
			'0:0:0:0:0:0:0:1',
			'KO',
			'0:0:0:0:0:0:0:1',
			''
		);
 {executed in 151 msec}
2026-02-28 11:17:55.342 [api-log-1] DEBUG jdbc.sqltiming [4e79c2c3e2db4a708c5f457845722673] -  com.zaxxer.hikari.pool.ProxyPreparedStatement.execute(ProxyPreparedStatement.java:44)
73. /* insertApiExecutionLog */
		INSERT INTO SYS_API_EXE_LOG (
			api_id,
			exe_dtm,
			user_id,
			api_exe_url,
			mthd_tp_cd,
			ip_addr,
			lang_cd,
			svr_ip_addr,
			inp_param_txt
		) VALUES (
			'API055',
			'20260228111755',
			'jgh9514',
			'/api/v1/summonerswar/monster-list',
			'POST',
			'0:0:0:0:0:0:0:1',
			'KO',
			'0:0:0:0:0:0:0:1',
			''
		);
 {executed in 151 msec}
2026-02-28 11:17:55.365 [http-nio-8080-exec-29] DEBUG jdbc.sqltiming [69633e267b704bef927762cc505f6766] -  com.zaxxer.hikari.pool.ProxyPreparedStatement.execute(ProxyPreparedStatement.java:44)
72. /* selectUserGuild */
		select ugh.user_id
			  ,ugh.guild_id
			  ,g.guild_name
			  ,ugh.join_date
			  ,ugh.role
		  from USER_GUILD_HISTORY ugh
		  left outer join GUILD g on ugh.guild_id = g.guild_id
		 where ugh.user_id = NULL
		   and ugh.leave_date is null
		 order by ugh.join_date desc
		 limit 1;
 {executed in 144 msec}
2026-02-28 11:17:57.076 [http-nio-8080-exec-28] DEBUG jdbc.sqltiming [3cdc7df4ca634d59b2f76ba09268eb60] -  com.zaxxer.hikari.pool.ProxyPreparedStatement.execute(ProxyPreparedStatement.java:44)
71. /* selectEnemyTeamList - Optimized with JOIN */
        	select a.monster_id_1 || '-' || a.monster_id_2 || '-' || a.monster_id_3 as key
		     , a.monster_id_1
		     , a.monster_id_2
		     , a.monster_id_3
	     , m1.image_url as image_url1
	     , m2.image_url as image_url2
	     , m3.image_url as image_url3
		     , a.total_count
		     , a.total_rate
		     , a.win_count
		     , a.lose_count
		     , m1.leader_id as leader_id
		     , ml1.type as leader_type
		     , ml1.stat as leader_stat
		     , ml1.increase_by as leader_increase_by
		     , ml1.icon_path as leader_icon
		     , get_leader_skill_desc(ml1.type, ml1.stat, ml1.increase_by) as leader_skill_description
		  from (
				select monster_id_1
		             , monster_id_2
		             , monster_id_3
			         , count(1) as total_count
			         , ROUND(100.0 * SUM(CASE WHEN bll.win_lose = '1' THEN 1 ELSE 0 END) / COUNT(*), 1) as total_rate
			         , sum(case when bll.win_lose = '1' then 1 else 0 end) as win_count
			         , sum(case when bll.win_lose = '2' then 1 else 0 end) as lose_count
				  from (
				        select vbdi.match_id
				             , vbdi.log_timestamp
				             , vbdi.type
				             , coalesce(mcm1.original_monster_id, vbdi.monster_id_1) AS monster_id_1
				             , least(coalesce(mcm2.original_monster_id, vbdi.monster_id_2), 
				                     coalesce(mcm3.original_monster_id, vbdi.monster_id_3)) AS monster_id_2
				             , greatest(coalesce(mcm2.original_monster_id, vbdi.monster_id_2), 
				                        coalesce(mcm3.original_monster_id, vbdi.monster_id_3)) AS monster_id_3
				          from view_battle_deck_info vbdi
				          left join monster_collaboration_mapping mcm1
				                 on vbdi.monster_id_1 = mcm1.collaboration_monster_id
				          left join monster_collaboration_mapping mcm2
				                 on vbdi.monster_id_2 = mcm2.collaboration_monster_id
				          left join monster_collaboration_mapping mcm3
				                 on vbdi.monster_id_3 = mcm3.collaboration_monster_id
				          where vbdi.type = 'defense'

				       ) vbdi
			 left join battle_log_list bll
			 		ON vbdi.match_id = bll.match_id
			 	   AND vbdi.log_timestamp = bll.log_timestamp
			 left join monster sm1 on vbdi.monster_id_1 = sm1.monster_id
			 left join monster sm2 on vbdi.monster_id_2 = sm2.monster_id
			 left join monster sm3 on vbdi.monster_id_3 = sm3.monster_id
			  JOIN (
			  	SELECT DISTINCT match_id
			  	  FROM guild_siege_battle_log
			  	 WHERE guild_id = 54300::text
			  ) mym ON mym.match_id = bll.match_id
			  where 1=1

			  	AND (
			  	  'A' = 'A' 
			  	  OR (
			  	    SELECT COUNT(*) 
			  	      FROM guild_siege_season 
			  	     WHERE end_date IS NULL
			  	  ) = 0
			  	  OR SUBSTRING(bll.match_id, 1, 6) >= (
			  	    SELECT TO_CHAR(DATE_TRUNC('month', start_date), 'YYYYMM')
			  	      FROM guild_siege_season
			  	     WHERE end_date IS NULL
			  	     ORDER BY season_no DESC
			  	     LIMIT 1
			  	  )
			  	)

			  group by monster_id_1
			         , monster_id_2
			         , monster_id_3
			  order by total_count desc
			     limit 10::bigint
		        offset 10::bigint * (1::bigint - 1)
		       ) a
	 LEFT JOIN monster m1 ON a.monster_id_1 = m1.monster_id
	 LEFT JOIN monster m2 ON a.monster_id_2 = m2.monster_id
	 LEFT JOIN monster m3 ON a.monster_id_3 = m3.monster_id
	 LEFT JOIN monster_leaders ml1 ON m1.leader_id = ml1.leader_id
	  order by total_count desc;
 {executed in 1847 msec}
2026-02-28 11:17:57.379 [api-log-1] DEBUG jdbc.sqltiming [3cdc7df4ca634d59b2f76ba09268eb60] -  com.zaxxer.hikari.pool.ProxyPreparedStatement.execute(ProxyPreparedStatement.java:44)
73. /* insertApiExecutionLog */
		INSERT INTO SYS_API_EXE_LOG (
			api_id,
			exe_dtm,
			user_id,
			api_exe_url,
			mthd_tp_cd,
			ip_addr,
			lang_cd,
			svr_ip_addr,
			inp_param_txt
		) VALUES (
			'API057',
			'20260228111757',
			'jgh9514',
			'/api/v1/summonerswar/enemyTeam-list',
			'POST',
			'0:0:0:0:0:0:0:1',
			'KO',
			'0:0:0:0:0:0:0:1',
			''
		);
 {executed in 150 msec}
2026-02-28 11:17:59.453 [api-log-1] DEBUG jdbc.sqltiming [02e18908759d4d3ca214bd53d0ffe809] -  com.zaxxer.hikari.pool.ProxyPreparedStatement.execute(ProxyPreparedStatement.java:44)
73. /* insertApiExecutionLog */
		INSERT INTO SYS_API_EXE_LOG (
			api_id,
			exe_dtm,
			user_id,
			api_exe_url,
			mthd_tp_cd,
			ip_addr,
			lang_cd,
			svr_ip_addr,
			inp_param_txt
		) VALUES (
			'API050',
			'20260228111759',
			'jgh9514',
			'/api/v1/auth/login-check',
			'POST',
			'0:0:0:0:0:0:0:1',
			'KO',
			'0:0:0:0:0:0:0:1',
			''
		);
 {executed in 153 msec}
2026-02-28 11:17:59.730 [api-log-1] DEBUG jdbc.sqltiming [5721a26e648d49149cfbf884ef1cee98] -  com.zaxxer.hikari.pool.ProxyPreparedStatement.execute(ProxyPreparedStatement.java:44)
73. /* insertApiExecutionLog */
		INSERT INTO SYS_API_EXE_LOG (
			api_id,
			exe_dtm,
			user_id,
			api_exe_url,
			mthd_tp_cd,
			ip_addr,
			lang_cd,
			svr_ip_addr,
			inp_param_txt
		) VALUES (
			'API055',
			'20260228111759',
			'jgh9514',
			'/api/v1/summonerswar/monster-list',
			'POST',
			'0:0:0:0:0:0:0:1',
			'KO',
			'0:0:0:0:0:0:0:1',
			''
		);
 {executed in 151 msec}
2026-02-28 11:17:59.842 [http-nio-8080-exec-34] DEBUG jdbc.sqltiming [34cced77a6274e7eb1c94a1812310b75] -  com.zaxxer.hikari.pool.ProxyPreparedStatement.execute(ProxyPreparedStatement.java:44)
72. /* selectUserGuild */
		select ugh.user_id
			  ,ugh.guild_id
			  ,g.guild_name
			  ,ugh.join_date
			  ,ugh.role
		  from USER_GUILD_HISTORY ugh
		  left outer join GUILD g on ugh.guild_id = g.guild_id
		 where ugh.user_id = NULL
		   and ugh.leave_date is null
		 order by ugh.join_date desc
		 limit 1;
 {executed in 146 msec}
2026-02-28 11:18:01.530 [http-nio-8080-exec-32] DEBUG jdbc.sqltiming [058ab0d054914120ba6386df5fc4ecd5] -  com.zaxxer.hikari.pool.ProxyPreparedStatement.execute(ProxyPreparedStatement.java:44)
71. /* selectEnemyTeamList - Optimized with JOIN */
        	select a.monster_id_1 || '-' || a.monster_id_2 || '-' || a.monster_id_3 as key
		     , a.monster_id_1
		     , a.monster_id_2
		     , a.monster_id_3
	     , m1.image_url as image_url1
	     , m2.image_url as image_url2
	     , m3.image_url as image_url3
		     , a.total_count
		     , a.total_rate
		     , a.win_count
		     , a.lose_count
		     , m1.leader_id as leader_id
		     , ml1.type as leader_type
		     , ml1.stat as leader_stat
		     , ml1.increase_by as leader_increase_by
		     , ml1.icon_path as leader_icon
		     , get_leader_skill_desc(ml1.type, ml1.stat, ml1.increase_by) as leader_skill_description
		  from (
				select monster_id_1
		             , monster_id_2
		             , monster_id_3
			         , count(1) as total_count
			         , ROUND(100.0 * SUM(CASE WHEN bll.win_lose = '1' THEN 1 ELSE 0 END) / COUNT(*), 1) as total_rate
			         , sum(case when bll.win_lose = '1' then 1 else 0 end) as win_count
			         , sum(case when bll.win_lose = '2' then 1 else 0 end) as lose_count
				  from (
				        select vbdi.match_id
				             , vbdi.log_timestamp
				             , vbdi.type
				             , coalesce(mcm1.original_monster_id, vbdi.monster_id_1) AS monster_id_1
				             , least(coalesce(mcm2.original_monster_id, vbdi.monster_id_2), 
				                     coalesce(mcm3.original_monster_id, vbdi.monster_id_3)) AS monster_id_2
				             , greatest(coalesce(mcm2.original_monster_id, vbdi.monster_id_2), 
				                        coalesce(mcm3.original_monster_id, vbdi.monster_id_3)) AS monster_id_3
				          from view_battle_deck_info vbdi
				          left join monster_collaboration_mapping mcm1
				                 on vbdi.monster_id_1 = mcm1.collaboration_monster_id
				          left join monster_collaboration_mapping mcm2
				                 on vbdi.monster_id_2 = mcm2.collaboration_monster_id
				          left join monster_collaboration_mapping mcm3
				                 on vbdi.monster_id_3 = mcm3.collaboration_monster_id
				          where vbdi.type = 'defense'

				       ) vbdi
			 left join battle_log_list bll
			 		ON vbdi.match_id = bll.match_id
			 	   AND vbdi.log_timestamp = bll.log_timestamp
			 left join monster sm1 on vbdi.monster_id_1 = sm1.monster_id
			 left join monster sm2 on vbdi.monster_id_2 = sm2.monster_id
			 left join monster sm3 on vbdi.monster_id_3 = sm3.monster_id
			  JOIN (
			  	SELECT DISTINCT match_id
			  	  FROM guild_siege_battle_log
			  	 WHERE guild_id = 54300::text
			  ) mym ON mym.match_id = bll.match_id
			  where 1=1

			  	AND (
			  	  'A' = 'A' 
			  	  OR (
			  	    SELECT COUNT(*) 
			  	      FROM guild_siege_season 
			  	     WHERE end_date IS NULL
			  	  ) = 0
			  	  OR SUBSTRING(bll.match_id, 1, 6) >= (
			  	    SELECT TO_CHAR(DATE_TRUNC('month', start_date), 'YYYYMM')
			  	      FROM guild_siege_season
			  	     WHERE end_date IS NULL
			  	     ORDER BY season_no DESC
			  	     LIMIT 1
			  	  )
			  	)

			  group by monster_id_1
			         , monster_id_2
			         , monster_id_3
			  order by total_count desc
			     limit 10::bigint
		        offset 10::bigint * (1::bigint - 1)
		       ) a
	 LEFT JOIN monster m1 ON a.monster_id_1 = m1.monster_id
	 LEFT JOIN monster m2 ON a.monster_id_2 = m2.monster_id
	 LEFT JOIN monster m3 ON a.monster_id_3 = m3.monster_id
	 LEFT JOIN monster_leaders ml1 ON m1.leader_id = ml1.leader_id
	  order by total_count desc;
 {executed in 1831 msec}
2026-02-28 11:18:01.834 [api-log-1] DEBUG jdbc.sqltiming [058ab0d054914120ba6386df5fc4ecd5] -  com.zaxxer.hikari.pool.ProxyPreparedStatement.execute(ProxyPreparedStatement.java:44)
73. /* insertApiExecutionLog */
		INSERT INTO SYS_API_EXE_LOG (
			api_id,
			exe_dtm,
			user_id,
			api_exe_url,
			mthd_tp_cd,
			ip_addr,
			lang_cd,
			svr_ip_addr,
			inp_param_txt
		) VALUES (
			'API057',
			'20260228111801',
			'jgh9514',
			'/api/v1/summonerswar/enemyTeam-list',
			'POST',
			'0:0:0:0:0:0:0:1',
			'KO',
			'0:0:0:0:0:0:0:1',
			''
		);
 {executed in 151 msec}
2026-02-28 11:18:08.268 [http-nio-8080-exec-36] DEBUG jdbc.sqltiming [12f7648d72984b5989ef6b9b240d8f7a] -  com.zaxxer.hikari.pool.ProxyPreparedStatement.execute(ProxyPreparedStatement.java:44)
71. /* getAllRelatedMonsterIds */
		WITH related_ids AS (
			-- 입력된 ID가 오리지널몹인 경우
			SELECT '29715' as monster_id
			UNION ALL
			-- 입력된 ID의 콜라보몹들
			SELECT collaboration_monster_id
			FROM monster_collaboration_mapping
			WHERE original_monster_id = '29715'
			UNION ALL
			-- 입력된 ID가 콜라보몹인 경우, 해당 오리지널몹
			SELECT original_monster_id
			FROM monster_collaboration_mapping
			WHERE collaboration_monster_id = '29715'
			UNION ALL
			-- 입력된 ID가 콜라보몹인 경우, 같은 오리지널몹을 가진 다른 콜라보몹들
			SELECT mcm2.collaboration_monster_id
			FROM monster_collaboration_mapping mcm1
			JOIN monster_collaboration_mapping mcm2 ON mcm1.original_monster_id = mcm2.original_monster_id
			WHERE mcm1.collaboration_monster_id = '29715'
		)
		SELECT DISTINCT monster_id FROM related_ids WHERE monster_id IS NOT NULL;
 {executed in 152 msec}
2026-02-28 11:18:08.426 [http-nio-8080-exec-36] DEBUG jdbc.sqltiming [12f7648d72984b5989ef6b9b240d8f7a] -  com.zaxxer.hikari.pool.ProxyPreparedStatement.execute(ProxyPreparedStatement.java:44)
71. /* getAllRelatedMonsterIds */
		WITH related_ids AS (
			-- 입력된 ID가 오리지널몹인 경우
			SELECT '14034' as monster_id
			UNION ALL
			-- 입력된 ID의 콜라보몹들
			SELECT collaboration_monster_id
			FROM monster_collaboration_mapping
			WHERE original_monster_id = '14034'
			UNION ALL
			-- 입력된 ID가 콜라보몹인 경우, 해당 오리지널몹
			SELECT original_monster_id
			FROM monster_collaboration_mapping
			WHERE collaboration_monster_id = '14034'
			UNION ALL
			-- 입력된 ID가 콜라보몹인 경우, 같은 오리지널몹을 가진 다른 콜라보몹들
			SELECT mcm2.collaboration_monster_id
			FROM monster_collaboration_mapping mcm1
			JOIN monster_collaboration_mapping mcm2 ON mcm1.original_monster_id = mcm2.original_monster_id
			WHERE mcm1.collaboration_monster_id = '14034'
		)
		SELECT DISTINCT monster_id FROM related_ids WHERE monster_id IS NOT NULL;
 {executed in 155 msec}
2026-02-28 11:18:08.580 [http-nio-8080-exec-36] DEBUG jdbc.sqltiming [12f7648d72984b5989ef6b9b240d8f7a] -  com.zaxxer.hikari.pool.ProxyPreparedStatement.execute(ProxyPreparedStatement.java:44)
71. /* getAllRelatedMonsterIds */
		WITH related_ids AS (
			-- 입력된 ID가 오리지널몹인 경우
			SELECT '14711' as monster_id
			UNION ALL
			-- 입력된 ID의 콜라보몹들
			SELECT collaboration_monster_id
			FROM monster_collaboration_mapping
			WHERE original_monster_id = '14711'
			UNION ALL
			-- 입력된 ID가 콜라보몹인 경우, 해당 오리지널몹
			SELECT original_monster_id
			FROM monster_collaboration_mapping
			WHERE collaboration_monster_id = '14711'
			UNION ALL
			-- 입력된 ID가 콜라보몹인 경우, 같은 오리지널몹을 가진 다른 콜라보몹들
			SELECT mcm2.collaboration_monster_id
			FROM monster_collaboration_mapping mcm1
			JOIN monster_collaboration_mapping mcm2 ON mcm1.original_monster_id = mcm2.original_monster_id
			WHERE mcm1.collaboration_monster_id = '14711'
		)
		SELECT DISTINCT monster_id FROM related_ids WHERE monster_id IS NOT NULL;
 {executed in 152 msec}
2026-02-28 11:18:09.430 [http-nio-8080-exec-36] DEBUG jdbc.sqltiming [12f7648d72984b5989ef6b9b240d8f7a] -  com.zaxxer.hikari.pool.ProxyPreparedStatement.execute(ProxyPreparedStatement.java:44)
71. /* selectMonsterDetailList - Optimized with JOIN */
        SELECT max(m1.kr_name) as m1_kr_name
             , m1.image_url AS image_url1
             , max(m2.kr_name) as m2_kr_name
             , m2.image_url AS image_url2
             , max(m3.kr_name) as m3_kr_name
             , m3.image_url AS image_url3
             , count(1) AS total_count
             , ROUND(100.0 * SUM(CASE WHEN bll.win_lose = '1' THEN 1 ELSE 0 END) / COUNT(*), 1) AS total_rate
             , SUM(CASE WHEN bll.win_lose = '1' THEN 1 end) AS win_count
             , SUM(CASE WHEN bll.win_lose = '2' THEN 1 end) AS lose_count
                           , max(m1.leader_id) as leader_id
              , max(ml1.type) as leader_type
              , max(ml1.stat) as leader_stat
              , max(ml1.increase_by) as leader_increase_by
              , max(ml1.icon_path) as leader_icon
              , get_leader_skill_desc(max(ml1.type), max(ml1.stat), max(ml1.increase_by)) as leader_skill_description
           FROM (
                                        SELECT vbdi.match_id,
                           vbdi.log_timestamp,
                           vbdi.type,
                           coalesce(mcm1.original_monster_id, vbdi.monster_id_1) AS monster_id_1,
                           least(coalesce(mcm2.original_monster_id, vbdi.monster_id_2), 
                                 coalesce(mcm3.original_monster_id, vbdi.monster_id_3)) AS monster_id_2,
                           greatest(coalesce(mcm2.original_monster_id, vbdi.monster_id_2), 
                                    coalesce(mcm3.original_monster_id, vbdi.monster_id_3)) AS monster_id_3
                      FROM view_battle_deck_info vbdi
                      left join monster_collaboration_mapping mcm1
                             on vbdi.monster_id_1 = mcm1.collaboration_monster_id
                      left join monster_collaboration_mapping mcm2
                             on vbdi.monster_id_2 = mcm2.collaboration_monster_id
                      left join monster_collaboration_mapping mcm3
                             on vbdi.monster_id_3 = mcm3.collaboration_monster_id
                                            WHERE vbdi.type = 'defense'
                         AND vbdi.monster_id_1 IN ('29315','29715')
                         AND LEAST(vbdi.monster_id_2, vbdi.monster_id_3) IN ('14034')
                         AND GREATEST(vbdi.monster_id_2, vbdi.monster_id_3) IN ('14711')

                  ) vbdi
       LEFT JOIN battle_log_list bll
              ON vbdi.match_id = bll.match_id
             AND vbdi.log_timestamp = bll.log_timestamp
       LEFT JOIN monster m1
              ON vbdi.monster_id_1 = m1.monster_id
       LEFT JOIN monster m2
              ON vbdi.monster_id_2 = m2.monster_id
       LEFT JOIN monster m3
              ON vbdi.monster_id_3 = m3.monster_id
       LEFT JOIN monster_leaders ml1 ON m1.leader_id = ml1.leader_id
       WHERE 1=1

       	AND EXISTS (
       	  SELECT 1
       	    FROM guild_siege_battle_log gsbl
       	   WHERE gsbl.match_id = bll.match_id
       	     AND gsbl.guild_id = 54300::text
       	)

       	AND (
       	  'A' = 'A' 
       	  OR (
       	    SELECT COUNT(*) 
       	      FROM guild_siege_season 
       	     WHERE end_date IS NULL
       	  ) = 0
       	  OR SUBSTRING(bll.match_id, 1, 6) >= (
       	    SELECT TO_CHAR(DATE_TRUNC('month', start_date), 'YYYYMM')
       	      FROM guild_siege_season
       	     WHERE end_date IS NULL
       	     ORDER BY season_no DESC
       	     LIMIT 1
       	  )
       	)

        GROUP BY m1.image_url,
                 m2.image_url,
                 m3.image_url
       ORDER BY total_count DESC,
                total_rate DESC;
 {executed in 847 msec}
2026-02-28 11:18:09.586 [http-nio-8080-exec-36] DEBUG jdbc.sqltiming [12f7648d72984b5989ef6b9b240d8f7a] -  com.zaxxer.hikari.pool.ProxyPreparedStatement.execute(ProxyPreparedStatement.java:44)
71. /* selectRecommendedAttackDeckList */
		select srad.id as id
		     , srad.id as deck_id
		     , srad.atk_monster_1
		     , srad.atk_monster_2
		     , srad.atk_monster_3
		     , m1.image_url AS image_url1
		     , m2.image_url AS image_url2
		     , m3.image_url AS image_url3
		     , srad.recommend_count
		     , srad.not_recommend_count
		  from siege_recommended_attack_deck srad
	 LEFT JOIN monster m1 ON srad.atk_monster_1 = m1.monster_id
	 LEFT JOIN monster m2 ON srad.atk_monster_2 = m2.monster_id
	 LEFT JOIN monster m3 ON srad.atk_monster_3 = m3.monster_id
		 where srad.def_monster_1 = '29715'
		   and srad.def_monster_2 = '14034'
		   and srad.def_monster_3 = '14711'
		 order by srad.id desc

			LIMIT 5::bigint

			OFFSET (1::bigint - 1) * 5::bigint;
 {executed in 153 msec}
2026-02-28 11:18:09.737 [http-nio-8080-exec-36] DEBUG jdbc.sqltiming [12f7648d72984b5989ef6b9b240d8f7a] -  com.zaxxer.hikari.pool.ProxyPreparedStatement.execute(ProxyPreparedStatement.java:44)
71. /* selectRecommendedAttackDeckListCount - 추천 공덱 전체 개수 조회 */
		select count(1) as total_count
		  from siege_recommended_attack_deck srad
		 where srad.def_monster_1 = '29715'
		   and srad.def_monster_2 = '14034'
		   and srad.def_monster_3 = '14711';
 {executed in 150 msec}
2026-02-28 11:18:10.074 [http-nio-8080-exec-36] DEBUG jdbc.sqltiming [12f7648d72984b5989ef6b9b240d8f7a] -  com.zaxxer.hikari.pool.ProxyPreparedStatement.execute(ProxyPreparedStatement.java:44)
71. /* selectMonsterDetailTeamList - Optimized with JOIN */
		select m1.image_url AS image_url1
		     , m2.image_url AS image_url2
		     , m3.image_url AS image_url3
		     , COALESCE(total_count, 0) as total_count
		     , COALESCE(total_rate, 0) as total_rate
		     , COALESCE(win_count, 0) as win_count
		     , COALESCE(lose_count, 0) as lose_count
		     , m1.leader_id as leader_id
		     , ml1.type as leader_type
		     , ml1.stat as leader_stat
		     , ml1.increase_by as leader_increase_by
		     , ml1.icon_path as leader_icon
		     , get_leader_skill_desc(ml1.type, ml1.stat, ml1.increase_by) as leader_skill_description
		  from (
				select coalesce(mcm1.original_monster_id, vbdi2.monster_id_1) as monster_id_1
		             , least(coalesce(mcm2.original_monster_id, vbdi2.monster_id_2), 
		                     coalesce(mcm3.original_monster_id, vbdi2.monster_id_3)) AS monster_id_2
		             , greatest(coalesce(mcm2.original_monster_id, vbdi2.monster_id_2), 
		                        coalesce(mcm3.original_monster_id, vbdi2.monster_id_3)) AS monster_id_3
		             , count(1) as total_count
			         , ROUND(100.0 * SUM(CASE WHEN bll.win_lose = '1' THEN 1 ELSE 0 END) / COUNT(*), 1) as total_rate
			         , sum(case when bll.win_lose = '1' then 1 else 0 end) as win_count
			         , sum(case when bll.win_lose = '2' then 1 else 0 end) as lose_count
				  from view_battle_deck_info vbdi1
				  join view_battle_deck_info vbdi2 on vbdi1.match_id = vbdi2.match_id 
				                                   and vbdi1.log_timestamp = vbdi2.log_timestamp
				                                   and vbdi2.type = 'attack'
				  left join monster_collaboration_mapping mcm1
				         on vbdi2.monster_id_1 = mcm1.collaboration_monster_id
				  left join monster_collaboration_mapping mcm2
				         on vbdi2.monster_id_2 = mcm2.collaboration_monster_id
				  left join monster_collaboration_mapping mcm3
				         on vbdi2.monster_id_3 = mcm3.collaboration_monster_id
				  join battle_log_list bll on vbdi1.match_id = bll.match_id 
				                           and vbdi1.log_timestamp = bll.log_timestamp
				 where vbdi1.type = 'defense'
				   and exists (
				     select 1
				       from guild_siege_battle_log gsbl
				      where gsbl.match_id = bll.match_id
				        and gsbl.guild_id = 54300::text
				   )
				   and vbdi1.monster_id_1 IN ('29315','29715')
				   and LEAST(vbdi1.monster_id_2, vbdi1.monster_id_3) IN ('14034')
				   and GREATEST(vbdi1.monster_id_2, vbdi1.monster_id_3) IN ('14711')

				   AND (
				     'A' = 'A' 
				     OR (
				       SELECT COUNT(*) 
				         FROM guild_siege_season 
				        WHERE end_date IS NULL
				     ) = 0
				     OR SUBSTRING(bll.match_id, 1, 6) >= (
				       SELECT TO_CHAR(DATE_TRUNC('month', start_date), 'YYYYMM')
				         FROM guild_siege_season
				        WHERE end_date IS NULL
				        ORDER BY season_no DESC
				        LIMIT 1
				     )
				   )

		      group by coalesce(mcm1.original_monster_id, vbdi2.monster_id_1)
				     , least(coalesce(mcm2.original_monster_id, vbdi2.monster_id_2), 
				             coalesce(mcm3.original_monster_id, vbdi2.monster_id_3))
				     , greatest(coalesce(mcm2.original_monster_id, vbdi2.monster_id_2), 
				                coalesce(mcm3.original_monster_id, vbdi2.monster_id_3))
			  order by total_count desc, total_rate desc
			  ) a
	 LEFT JOIN monster m1 ON a.monster_id_1 = m1.monster_id
	 LEFT JOIN monster m2 ON a.monster_id_2 = m2.monster_id
	 LEFT JOIN monster m3 ON a.monster_id_3 = m3.monster_id
	 LEFT JOIN monster_leaders ml1 ON m1.leader_id = ml1.leader_id
	  order by total_count desc, total_rate desc

		LIMIT 5::bigint

		OFFSET (1::bigint - 1) * 5::bigint;
 {executed in 335 msec}
2026-02-28 11:18:10.330 [http-nio-8080-exec-36] DEBUG jdbc.sqltiming [12f7648d72984b5989ef6b9b240d8f7a] -  com.zaxxer.hikari.pool.ProxyPreparedStatement.execute(ProxyPreparedStatement.java:44)
71. /* selectMonsterDetailTeamListCount - 공덱 이력 전체 개수 조회 */
		select count(1) as total_count
		  from (
				select coalesce(mcm1.original_monster_id, vbdi2.monster_id_1) as monster_id_1
		             , least(coalesce(mcm2.original_monster_id, vbdi2.monster_id_2), 
		                     coalesce(mcm3.original_monster_id, vbdi2.monster_id_3)) AS monster_id_2
		             , greatest(coalesce(mcm2.original_monster_id, vbdi2.monster_id_2), 
		                        coalesce(mcm3.original_monster_id, vbdi2.monster_id_3)) AS monster_id_3
				  from view_battle_deck_info vbdi1
				  join view_battle_deck_info vbdi2 on vbdi1.match_id = vbdi2.match_id 
				                                   and vbdi1.log_timestamp = vbdi2.log_timestamp
				                                   and vbdi2.type = 'attack'
				  left join monster_collaboration_mapping mcm1
				         on vbdi2.monster_id_1 = mcm1.collaboration_monster_id
				  left join monster_collaboration_mapping mcm2
				         on vbdi2.monster_id_2 = mcm2.collaboration_monster_id
				  left join monster_collaboration_mapping mcm3
				         on vbdi2.monster_id_3 = mcm3.collaboration_monster_id
				  join battle_log_list bll on vbdi1.match_id = bll.match_id 
				                           and vbdi1.log_timestamp = bll.log_timestamp
				 where vbdi1.type = 'defense'
				   and exists (
				     select 1
				       from guild_siege_battle_log gsbl
				      where gsbl.match_id = bll.match_id
				        and gsbl.guild_id = 54300::text
				   )
				   and vbdi1.monster_id_1 IN ('29315','29715')
				   and LEAST(vbdi1.monster_id_2, vbdi1.monster_id_3) IN ('14034')
				   and GREATEST(vbdi1.monster_id_2, vbdi1.monster_id_3) IN ('14711')

				   AND (
				     'A' = 'A' 
				     OR (
				       SELECT COUNT(*) 
				         FROM guild_siege_season 
				        WHERE end_date IS NULL
				     ) = 0
				     OR SUBSTRING(bll.match_id, 1, 6) >= (
				       SELECT TO_CHAR(DATE_TRUNC('month', start_date), 'YYYYMM')
				         FROM guild_siege_season
				        WHERE end_date IS NULL
				        ORDER BY season_no DESC
				        LIMIT 1
				     )
				   )

		      group by coalesce(mcm1.original_monster_id, vbdi2.monster_id_1)
				     , least(coalesce(mcm2.original_monster_id, vbdi2.monster_id_2), 
				             coalesce(mcm3.original_monster_id, vbdi2.monster_id_3))
				     , greatest(coalesce(mcm2.original_monster_id, vbdi2.monster_id_2), 
				                coalesce(mcm3.original_monster_id, vbdi2.monster_id_3))
			  ) a;
 {executed in 254 msec}
2026-02-28 11:18:10.634 [api-log-1] DEBUG jdbc.sqltiming [12f7648d72984b5989ef6b9b240d8f7a] -  com.zaxxer.hikari.pool.ProxyPreparedStatement.execute(ProxyPreparedStatement.java:44)
73. /* selectApiByUrl */
		SELECT api_id
		FROM SYS_API
		WHERE api_url = '/api/v1/summonerswar/monster-detail-list'
		LIMIT 1;
 {executed in 151 msec}
2026-02-28 11:18:10.787 [api-log-1] DEBUG jdbc.sqltiming [12f7648d72984b5989ef6b9b240d8f7a] -  com.zaxxer.hikari.pool.ProxyPreparedStatement.execute(ProxyPreparedStatement.java:44)
73. /* insertApiExecutionLog */
		INSERT INTO SYS_API_EXE_LOG (
			api_id,
			exe_dtm,
			user_id,
			api_exe_url,
			mthd_tp_cd,
			ip_addr,
			lang_cd,
			svr_ip_addr,
			inp_param_txt
		) VALUES (
			'API059',
			'20260228111810',
			'jgh9514',
			'/api/v1/summonerswar/monster-detail-list',
			'POST',
			'0:0:0:0:0:0:0:1',
			'KO',
			'0:0:0:0:0:0:0:1',
			''
		);
 {executed in 151 msec}
2026-02-28 11:18:14.263 [http-nio-8080-exec-38] DEBUG jdbc.sqltiming [88461e889aaa4de3b9b56e562236273a] -  com.zaxxer.hikari.pool.ProxyPreparedStatement.execute(ProxyPreparedStatement.java:44)
71. /* selectUserInfo */
		SELECT 
			user_id,
			user_pw,
			user_nm,
			usg_yn,
			del_yn,
			lang_cd,
			siege_view_scope
		FROM SYS_USER
		WHERE user_id = 'jgh9514'
		  AND del_yn = 'N';
 {executed in 150 msec}
2026-02-28 11:18:14.416 [http-nio-8080-exec-38] DEBUG jdbc.sqltiming [88461e889aaa4de3b9b56e562236273a] -  com.zaxxer.hikari.pool.ProxyPreparedStatement.execute(ProxyPreparedStatement.java:44)
71. /* selectUserRoleList */
		select 
			 tur.user_id
			,tur.role_id
			,tcr.role_nm
			,tu.user_nm
			,case when  tur.usg_yn  = 'Y' and tcr.usg_yn  = 'Y' and tu.usg_yn  = 'Y' then 'Y'
				  else 'N'
			 end as usg_yn
			,tur.crt_user_id
			,tur.crt_date
			,tur.upt_user_id
			,tur.upt_date
			,'N' as row_status
		from SYS_USER_ROLE tur
		left outer join SYS_ROLE tcr on tur.role_id  = tcr.role_id 
		left outer join SYS_USER tu on tur.user_id  = tu.user_id
		where tur.del_yn  = 'N'
			and tcr.del_yn  = 'N'
			and tu.del_yn  = 'N'

			and tur.user_id = 'jgh9514'

		order by tcr.sort_sn asc, tur.user_id asc;
 {executed in 151 msec}
2026-02-28 11:18:14.569 [http-nio-8080-exec-38] DEBUG jdbc.sqltiming [88461e889aaa4de3b9b56e562236273a] -  com.zaxxer.hikari.pool.ProxyPreparedStatement.execute(ProxyPreparedStatement.java:44)
71. /* selectUserGuild */
		select ugh.user_id
			  ,ugh.guild_id
			  ,g.guild_name
			  ,ugh.join_date
			  ,ugh.role
		  from USER_GUILD_HISTORY ugh
		  left outer join GUILD g on ugh.guild_id = g.guild_id
		 where ugh.user_id = 'jgh9514'
		   and ugh.leave_date is null
		 order by ugh.join_date desc
		 limit 1;
 {executed in 151 msec}
2026-02-28 11:18:14.723 [http-nio-8080-exec-38] DEBUG jdbc.sqltiming [88461e889aaa4de3b9b56e562236273a] -  com.zaxxer.hikari.pool.ProxyPreparedStatement.execute(ProxyPreparedStatement.java:44)
71. /* selectPopupNoticeList */
		select n.notice_id
			  ,n.title
			  ,n.content
			  ,n.is_important
			  ,n.is_popup
			  ,n.view_count
			  ,n.crt_user_id
			  ,n.crt_date
			  ,n.upt_user_id
			  ,n.upt_date
			  ,tu.user_nm as user_name
		  from NOTICE n
		  left outer join SYS_USER tu on n.crt_user_id = tu.user_id
		 where n.del_yn = 'N'
		   and n.is_popup = true
		 order by n.is_important desc, n.crt_date desc;
 {executed in 152 msec}
2026-02-28 11:18:25.894 [http-nio-8080-exec-1] DEBUG jdbc.sqltiming [d1644c4eb7164e3b84c194c4d3a5d14a] -  com.zaxxer.hikari.pool.ProxyPreparedStatement.execute(ProxyPreparedStatement.java:44)
71. /* selectGuildSiegeHistoryCount */
		SELECT COUNT(DISTINCT match_id) as total_count
		FROM guild_siege_battle_log
		WHERE match_id IN (
			SELECT match_id
			FROM guild_siege_battle_log
			WHERE 1 = 1

			  AND (
			    'A' = 'A' 
			    OR TO_DATE(SUBSTRING(match_id, 1, 6), 'YYYYMM') >= (
			      SELECT start_date
			        FROM guild_siege_season
			       WHERE end_date IS NULL
			       ORDER BY season_no DESC
			       LIMIT 1
			    )
			  )
			GROUP BY match_id
			-- 3파전만 조회 (중복/추가 로그 대응)
			HAVING COUNT(DISTINCT guild_id) = 3 AND COUNT(DISTINCT match_rank) = 3
		);
 {executed in 155 msec}
2026-02-28 11:18:26.222 [api-log-1] DEBUG jdbc.sqltiming [d1644c4eb7164e3b84c194c4d3a5d14a] -  com.zaxxer.hikari.pool.ProxyPreparedStatement.execute(ProxyPreparedStatement.java:44)
73. /* selectApiByUrl */
		SELECT api_id
		FROM SYS_API
		WHERE api_url = '/api/v1/summonerswar/guild-siege-history-count'
		LIMIT 1;
 {executed in 150 msec}
2026-02-28 11:18:26.376 [api-log-1] DEBUG jdbc.sqltiming [d1644c4eb7164e3b84c194c4d3a5d14a] -  com.zaxxer.hikari.pool.ProxyPreparedStatement.execute(ProxyPreparedStatement.java:44)
73. /* insertApiExecutionLog */
		INSERT INTO SYS_API_EXE_LOG (
			api_id,
			exe_dtm,
			user_id,
			api_exe_url,
			mthd_tp_cd,
			ip_addr,
			lang_cd,
			svr_ip_addr,
			inp_param_txt
		) VALUES (
			'API065',
			'20260228111826',
			'jgh9514',
			'/api/v1/summonerswar/guild-siege-history-count',
			'POST',
			'0:0:0:0:0:0:0:1',
			'KO',
			'0:0:0:0:0:0:0:1',
			''
		);
 {executed in 153 msec}
2026-02-28 11:18:50.028 [http-nio-8080-exec-8] DEBUG jdbc.sqltiming [9df75ec5d81c4f7b8d9cb506923dc5db] -  com.zaxxer.hikari.pool.ProxyPreparedStatement.execute(ProxyPreparedStatement.java:44)
71. /* selectUserInfo */
		SELECT 
			user_id,
			user_pw,
			user_nm,
			usg_yn,
			del_yn,
			lang_cd,
			siege_view_scope
		FROM SYS_USER
		WHERE user_id = 'jgh9514'
		  AND del_yn = 'N';
 {executed in 155 msec}
2026-02-28 11:18:50.180 [http-nio-8080-exec-8] DEBUG jdbc.sqltiming [9df75ec5d81c4f7b8d9cb506923dc5db] -  com.zaxxer.hikari.pool.ProxyPreparedStatement.execute(ProxyPreparedStatement.java:44)
71. /* selectUserRoleList */
		select 
			 tur.user_id
			,tur.role_id
			,tcr.role_nm
			,tu.user_nm
			,case when  tur.usg_yn  = 'Y' and tcr.usg_yn  = 'Y' and tu.usg_yn  = 'Y' then 'Y'
				  else 'N'
			 end as usg_yn
			,tur.crt_user_id
			,tur.crt_date
			,tur.upt_user_id
			,tur.upt_date
			,'N' as row_status
		from SYS_USER_ROLE tur
		left outer join SYS_ROLE tcr on tur.role_id  = tcr.role_id 
		left outer join SYS_USER tu on tur.user_id  = tu.user_id
		where tur.del_yn  = 'N'
			and tcr.del_yn  = 'N'
			and tu.del_yn  = 'N'

			and tur.user_id = 'jgh9514'

		order by tcr.sort_sn asc, tur.user_id asc;
 {executed in 151 msec}
2026-02-28 11:18:50.373 [http-nio-8080-exec-8] DEBUG jdbc.sqltiming [9df75ec5d81c4f7b8d9cb506923dc5db] -  com.zaxxer.hikari.pool.ProxyPreparedStatement.execute(ProxyPreparedStatement.java:44)
71. /* selectUserGuild */
		select ugh.user_id
			  ,ugh.guild_id
			  ,g.guild_name
			  ,ugh.join_date
			  ,ugh.role
		  from USER_GUILD_HISTORY ugh
		  left outer join GUILD g on ugh.guild_id = g.guild_id
		 where ugh.user_id = 'jgh9514'
		   and ugh.leave_date is null
		 order by ugh.join_date desc
		 limit 1;
 {executed in 192 msec}
2026-02-28 11:18:50.774 [api-log-1] DEBUG jdbc.sqltiming [9df75ec5d81c4f7b8d9cb506923dc5db] -  com.zaxxer.hikari.pool.ProxyPreparedStatement.execute(ProxyPreparedStatement.java:44)
73. /* insertApiExecutionLog */
		INSERT INTO SYS_API_EXE_LOG (
			api_id,
			exe_dtm,
			user_id,
			api_exe_url,
			mthd_tp_cd,
			ip_addr,
			lang_cd,
			svr_ip_addr,
			inp_param_txt
		) VALUES (
			'API050',
			'20260228111850',
			'jgh9514',
			'/api/v1/auth/login-check',
			'POST',
			'0:0:0:0:0:0:0:1',
			'KO',
			'0:0:0:0:0:0:0:1',
			''
		);
 {executed in 201 msec}
2026-02-28 11:18:50.967 [http-nio-8080-exec-10] DEBUG jdbc.sqltiming [16d8d49207af47ea96f3be334afc9d23] -  com.zaxxer.hikari.pool.ProxyPreparedStatement.execute(ProxyPreparedStatement.java:44)
74. /* selectUserGuild */
		select ugh.user_id
			  ,ugh.guild_id
			  ,g.guild_name
			  ,ugh.join_date
			  ,ugh.role
		  from USER_GUILD_HISTORY ugh
		  left outer join GUILD g on ugh.guild_id = g.guild_id
		 where ugh.user_id = NULL
		   and ugh.leave_date is null
		 order by ugh.join_date desc
		 limit 1;
 {executed in 294 msec}
2026-02-28 11:18:50.976 [api-log-1] DEBUG jdbc.sqltiming [e1fdb161821a4e269b5a6e9b00ee5a43] -  com.zaxxer.hikari.pool.ProxyPreparedStatement.execute(ProxyPreparedStatement.java:44)
73. /* insertApiExecutionLog */
		INSERT INTO SYS_API_EXE_LOG (
			api_id,
			exe_dtm,
			user_id,
			api_exe_url,
			mthd_tp_cd,
			ip_addr,
			lang_cd,
			svr_ip_addr,
			inp_param_txt
		) VALUES (
			'API065',
			'20260228111850',
			'jgh9514',
			'/api/v1/summonerswar/guild-siege-history-count',
			'POST',
			'0:0:0:0:0:0:0:1',
			'KO',
			'0:0:0:0:0:0:0:1',
			''
		);
 {executed in 201 msec}
2026-02-28 11:18:58.475 [http-nio-8080-exec-2] DEBUG jdbc.sqltiming [7b5c63a1becd41c78abf937d811b4e94] -  com.zaxxer.hikari.pool.ProxyPreparedStatement.execute(ProxyPreparedStatement.java:44)
72. /* selectGuildSiegeHistorySimple - 기본 형태 + 길드별 통계 */
		WITH match_guilds AS (
			SELECT 
				match_id,
				COUNT(DISTINCT guild_id) as guild_count,
				COUNT(DISTINCT match_rank) as rank_count
			FROM guild_siege_battle_log
			WHERE 1 = 1

			  AND (
			    'A' = 'A' 
			    OR TO_DATE(SUBSTRING(match_id, 1, 6), 'YYYYMM') >= (
			      SELECT start_date
			        FROM guild_siege_season
			       WHERE end_date IS NULL
			       ORDER BY season_no DESC
			       LIMIT 1
			    )
			  )
			GROUP BY match_id
			-- 3파전만 조회
			-- 실제 테이블에 중복/추가 로그가 존재할 수 있으므로 COUNT(*)가 아니라 DISTINCT 기준으로 판별
			HAVING COUNT(DISTINCT guild_id) = 3 AND COUNT(DISTINCT match_rank) = 3
		),
		guild_ranked AS (
			SELECT DISTINCT
				gsbl.match_id,
				gsbl.guild_id,
				gsbl.guild_name,
				gsbl.rating_id,
				gsbl.match_rank,
				mg.guild_count
			FROM guild_siege_battle_log gsbl
			INNER JOIN match_guilds mg ON gsbl.match_id = mg.match_id
		),
		guild_stats AS (
			SELECT 
				gr.match_id,
				gr.guild_id,
				-- 공성률: 공격 성공 / 총 공격 횟수
				COUNT(CASE WHEN vbdi.type = 'attack' THEN 1 END) as total_attack_count,
				COUNT(CASE WHEN vbdi.type = 'attack' AND bll.win_lose = '1' THEN 1 END) as attack_win_count,
				CASE 
					WHEN COUNT(CASE WHEN vbdi.type = 'attack' THEN 1 END) > 0 
					THEN ROUND(100.0 * COUNT(CASE WHEN vbdi.type = 'attack' AND bll.win_lose = '1' THEN 1 END)::numeric / COUNT(CASE WHEN vbdi.type = 'attack' THEN 1 END)::numeric, 2)
					ELSE 0 
				END as attack_rate,
				-- 방성률: 방어 성공 / 총 방어 횟수
				COUNT(CASE WHEN vbdi.type = 'defense' THEN 1 END) as total_defense_count,
				COUNT(CASE WHEN vbdi.type = 'defense' AND bll.win_lose = '1' THEN 1 END) as defense_win_count,
				CASE 
					WHEN COUNT(CASE WHEN vbdi.type = 'defense' THEN 1 END) > 0 
					THEN ROUND(100.0 * COUNT(CASE WHEN vbdi.type = 'defense' AND bll.win_lose = '1' THEN 1 END)::numeric / COUNT(CASE WHEN vbdi.type = 'defense' THEN 1 END)::numeric, 2)
					ELSE 0 
				END as defense_rate,
				-- 몬스터 사용률: 실제 사용된 몬스터 개수 / 총 공격 횟수 (각 덱의 몬스터 개수를 세어야 함)
				SUM(CASE 
					WHEN vbdi.type = 'attack' THEN 
						(CASE WHEN vbdi.monster_id_1 IS NOT NULL AND vbdi.monster_id_1 != '' THEN 1 ELSE 0 END) +
						(CASE WHEN vbdi.monster_id_2 IS NOT NULL AND vbdi.monster_id_2 != '' THEN 1 ELSE 0 END) +
						(CASE WHEN vbdi.monster_id_3 IS NOT NULL AND vbdi.monster_id_3 != '' THEN 1 ELSE 0 END)
					ELSE 0 
				END) as total_monster_count,
				COUNT(CASE WHEN vbdi.type = 'attack' THEN 1 END) as available_attack_count
			FROM guild_ranked gr
			LEFT JOIN battle_log_list bll ON gr.match_id = bll.match_id AND gr.guild_id = bll.guild_id
			LEFT JOIN view_battle_deck_info vbdi ON bll.match_id = vbdi.match_id AND bll.log_id = vbdi.log_id
			GROUP BY gr.match_id, gr.guild_id
		)
		SELECT 
			gr.match_id,
			-- 각 순위별 길드 정보를 개별 컬럼으로
			MAX(CASE WHEN gr.match_rank = '1' THEN gr.guild_name END) as guild_1st,
			MAX(CASE WHEN gr.match_rank = '1' THEN gr.guild_id END) as guild_id_1st,
			MAX(CASE WHEN gr.match_rank = '1' THEN gr.rating_id END) as rating_1st,
			MAX(CASE WHEN gr.match_rank = '1' THEN COALESCE(gs1.attack_rate, 0) END) as attack_rate_1st,
			MAX(CASE WHEN gr.match_rank = '1' THEN COALESCE(gs1.attack_win_count, 0) END) as attack_win_count_1st,
			MAX(CASE WHEN gr.match_rank = '1' THEN COALESCE(gs1.total_attack_count, 0) END) as total_attack_count_1st,
			MAX(CASE WHEN gr.match_rank = '1' THEN COALESCE(gs1.defense_rate, 0) END) as defense_rate_1st,
			MAX(CASE WHEN gr.match_rank = '1' THEN COALESCE(gs1.defense_win_count, 0) END) as defense_win_count_1st,
			MAX(CASE WHEN gr.match_rank = '1' THEN COALESCE(gs1.total_defense_count, 0) END) as total_defense_count_1st,
			MAX(CASE WHEN gr.match_rank = '1' THEN 
				CASE 
					WHEN COALESCE(gs1.available_attack_count, 0) > 0 
					THEN ROUND(100.0 * COALESCE(gs1.total_monster_count, 0)::numeric / gs1.available_attack_count::numeric, 2)
					ELSE 0 
				END
			END) as monster_usage_rate_1st,
			MAX(CASE WHEN gr.match_rank = '1' THEN COALESCE(gs1.total_monster_count, 0) END) as unique_monster_deck_count_1st,
			MAX(CASE WHEN gr.match_rank = '1' THEN COALESCE(gs1.available_attack_count, 0) END) as available_attack_count_1st,
			MAX(CASE WHEN gr.match_rank = '2' THEN gr.guild_name END) as guild_2nd,
			MAX(CASE WHEN gr.match_rank = '2' THEN gr.guild_id END) as guild_id_2nd,
			MAX(CASE WHEN gr.match_rank = '2' THEN gr.rating_id END) as rating_2nd,
			MAX(CASE WHEN gr.match_rank = '2' THEN COALESCE(gs2.attack_rate, 0) END) as attack_rate_2nd,
			MAX(CASE WHEN gr.match_rank = '2' THEN COALESCE(gs2.attack_win_count, 0) END) as attack_win_count_2nd,
			MAX(CASE WHEN gr.match_rank = '2' THEN COALESCE(gs2.total_attack_count, 0) END) as total_attack_count_2nd,
			MAX(CASE WHEN gr.match_rank = '2' THEN COALESCE(gs2.defense_rate, 0) END) as defense_rate_2nd,
			MAX(CASE WHEN gr.match_rank = '2' THEN COALESCE(gs2.defense_win_count, 0) END) as defense_win_count_2nd,
			MAX(CASE WHEN gr.match_rank = '2' THEN COALESCE(gs2.total_defense_count, 0) END) as total_defense_count_2nd,
			MAX(CASE WHEN gr.match_rank = '2' THEN 
				CASE 
					WHEN COALESCE(gs2.available_attack_count, 0) > 0 
					THEN ROUND(100.0 * COALESCE(gs2.total_monster_count, 0)::numeric / gs2.available_attack_count::numeric, 2)
					ELSE 0 
				END
			END) as monster_usage_rate_2nd,
			MAX(CASE WHEN gr.match_rank = '2' THEN COALESCE(gs2.total_monster_count, 0) END) as unique_monster_deck_count_2nd,
			MAX(CASE WHEN gr.match_rank = '2' THEN COALESCE(gs2.available_attack_count, 0) END) as available_attack_count_2nd,
			MAX(CASE WHEN gr.match_rank = '3' THEN gr.guild_name END) as guild_3rd,
			MAX(CASE WHEN gr.match_rank = '3' THEN gr.guild_id END) as guild_id_3rd,
			MAX(CASE WHEN gr.match_rank = '3' THEN gr.rating_id END) as rating_3rd,
			MAX(CASE WHEN gr.match_rank = '3' THEN COALESCE(gs3.attack_rate, 0) END) as attack_rate_3rd,
			MAX(CASE WHEN gr.match_rank = '3' THEN COALESCE(gs3.attack_win_count, 0) END) as attack_win_count_3rd,
			MAX(CASE WHEN gr.match_rank = '3' THEN COALESCE(gs3.total_attack_count, 0) END) as total_attack_count_3rd,
			MAX(CASE WHEN gr.match_rank = '3' THEN COALESCE(gs3.defense_rate, 0) END) as defense_rate_3rd,
			MAX(CASE WHEN gr.match_rank = '3' THEN COALESCE(gs3.defense_win_count, 0) END) as defense_win_count_3rd,
			MAX(CASE WHEN gr.match_rank = '3' THEN COALESCE(gs3.total_defense_count, 0) END) as total_defense_count_3rd,
			MAX(CASE WHEN gr.match_rank = '3' THEN 
				CASE 
					WHEN COALESCE(gs3.available_attack_count, 0) > 0 
					THEN ROUND(100.0 * COALESCE(gs3.total_monster_count, 0)::numeric / gs3.available_attack_count::numeric, 2)
					ELSE 0 
				END
			END) as monster_usage_rate_3rd,
			MAX(CASE WHEN gr.match_rank = '3' THEN COALESCE(gs3.total_monster_count, 0) END) as unique_monster_deck_count_3rd,
			MAX(CASE WHEN gr.match_rank = '3' THEN COALESCE(gs3.available_attack_count, 0) END) as available_attack_count_3rd,
			gr.guild_count
		FROM guild_ranked gr
		LEFT JOIN guild_stats gs1 ON gr.match_id = gs1.match_id AND gr.guild_id = gs1.guild_id AND gr.match_rank = '1'
		LEFT JOIN guild_stats gs2 ON gr.match_id = gs2.match_id AND gr.guild_id = gs2.guild_id AND gr.match_rank = '2'
		LEFT JOIN guild_stats gs3 ON gr.match_id = gs3.match_id AND gr.guild_id = gs3.guild_id AND gr.match_rank = '3'
		GROUP BY gr.match_id, gr.guild_count
		ORDER BY gr.match_id DESC

			LIMIT 5::bigint

			OFFSET (1::bigint - 1) * 5::bigint;
 {executed in 32740 msec}
2026-02-28 11:18:58.873 [api-log-1] DEBUG jdbc.sqltiming [7b5c63a1becd41c78abf937d811b4e94] -  com.zaxxer.hikari.pool.ProxyPreparedStatement.execute(ProxyPreparedStatement.java:44)
73. /* selectApiByUrl */
		SELECT api_id
		FROM SYS_API
		WHERE api_url = '/api/v1/summonerswar/guild-siege-history'
		LIMIT 1;
 {executed in 199 msec}
2026-02-28 11:18:59.025 [api-log-1] DEBUG jdbc.sqltiming [7b5c63a1becd41c78abf937d811b4e94] -  com.zaxxer.hikari.pool.ProxyPreparedStatement.execute(ProxyPreparedStatement.java:44)
73. /* insertApiExecutionLog */
		INSERT INTO SYS_API_EXE_LOG (
			api_id,
			exe_dtm,
			user_id,
			api_exe_url,
			mthd_tp_cd,
			ip_addr,
			lang_cd,
			svr_ip_addr,
			inp_param_txt
		) VALUES (
			'API064',
			'20260228111858',
			'jgh9514',
			'/api/v1/summonerswar/guild-siege-history',
			'POST',
			'0:0:0:0:0:0:0:1',
			'KO',
			'0:0:0:0:0:0:0:1',
			''
		);
 {executed in 152 msec}
2026-02-28 11:19:23.181 [http-nio-8080-exec-9] DEBUG jdbc.sqltiming [10c1de802c2d4a54a012c1dfeef7fe3b] -  com.zaxxer.hikari.pool.ProxyPreparedStatement.execute(ProxyPreparedStatement.java:44)
71. /* selectGuildSiegeHistorySimple - 기본 형태 + 길드별 통계 */
		WITH match_guilds AS (
			SELECT 
				match_id,
				COUNT(DISTINCT guild_id) as guild_count,
				COUNT(DISTINCT match_rank) as rank_count
			FROM guild_siege_battle_log
			WHERE 1 = 1

			  AND (
			    'A' = 'A' 
			    OR TO_DATE(SUBSTRING(match_id, 1, 6), 'YYYYMM') >= (
			      SELECT start_date
			        FROM guild_siege_season
			       WHERE end_date IS NULL
			       ORDER BY season_no DESC
			       LIMIT 1
			    )
			  )
			GROUP BY match_id
			-- 3파전만 조회
			-- 실제 테이블에 중복/추가 로그가 존재할 수 있으므로 COUNT(*)가 아니라 DISTINCT 기준으로 판별
			HAVING COUNT(DISTINCT guild_id) = 3 AND COUNT(DISTINCT match_rank) = 3
		),
		guild_ranked AS (
			SELECT DISTINCT
				gsbl.match_id,
				gsbl.guild_id,
				gsbl.guild_name,
				gsbl.rating_id,
				gsbl.match_rank,
				mg.guild_count
			FROM guild_siege_battle_log gsbl
			INNER JOIN match_guilds mg ON gsbl.match_id = mg.match_id
		),
		guild_stats AS (
			SELECT 
				gr.match_id,
				gr.guild_id,
				-- 공성률: 공격 성공 / 총 공격 횟수
				COUNT(CASE WHEN vbdi.type = 'attack' THEN 1 END) as total_attack_count,
				COUNT(CASE WHEN vbdi.type = 'attack' AND bll.win_lose = '1' THEN 1 END) as attack_win_count,
				CASE 
					WHEN COUNT(CASE WHEN vbdi.type = 'attack' THEN 1 END) > 0 
					THEN ROUND(100.0 * COUNT(CASE WHEN vbdi.type = 'attack' AND bll.win_lose = '1' THEN 1 END)::numeric / COUNT(CASE WHEN vbdi.type = 'attack' THEN 1 END)::numeric, 2)
					ELSE 0 
				END as attack_rate,
				-- 방성률: 방어 성공 / 총 방어 횟수
				COUNT(CASE WHEN vbdi.type = 'defense' THEN 1 END) as total_defense_count,
				COUNT(CASE WHEN vbdi.type = 'defense' AND bll.win_lose = '1' THEN 1 END) as defense_win_count,
				CASE 
					WHEN COUNT(CASE WHEN vbdi.type = 'defense' THEN 1 END) > 0 
					THEN ROUND(100.0 * COUNT(CASE WHEN vbdi.type = 'defense' AND bll.win_lose = '1' THEN 1 END)::numeric / COUNT(CASE WHEN vbdi.type = 'defense' THEN 1 END)::numeric, 2)
					ELSE 0 
				END as defense_rate,
				-- 몬스터 사용률: 실제 사용된 몬스터 개수 / 총 공격 횟수 (각 덱의 몬스터 개수를 세어야 함)
				SUM(CASE 
					WHEN vbdi.type = 'attack' THEN 
						(CASE WHEN vbdi.monster_id_1 IS NOT NULL AND vbdi.monster_id_1 != '' THEN 1 ELSE 0 END) +
						(CASE WHEN vbdi.monster_id_2 IS NOT NULL AND vbdi.monster_id_2 != '' THEN 1 ELSE 0 END) +
						(CASE WHEN vbdi.monster_id_3 IS NOT NULL AND vbdi.monster_id_3 != '' THEN 1 ELSE 0 END)
					ELSE 0 
				END) as total_monster_count,
				COUNT(CASE WHEN vbdi.type = 'attack' THEN 1 END) as available_attack_count
			FROM guild_ranked gr
			LEFT JOIN battle_log_list bll ON gr.match_id = bll.match_id AND gr.guild_id = bll.guild_id
			LEFT JOIN view_battle_deck_info vbdi ON bll.match_id = vbdi.match_id AND bll.log_id = vbdi.log_id
			GROUP BY gr.match_id, gr.guild_id
		)
		SELECT 
			gr.match_id,
			-- 각 순위별 길드 정보를 개별 컬럼으로
			MAX(CASE WHEN gr.match_rank = '1' THEN gr.guild_name END) as guild_1st,
			MAX(CASE WHEN gr.match_rank = '1' THEN gr.guild_id END) as guild_id_1st,
			MAX(CASE WHEN gr.match_rank = '1' THEN gr.rating_id END) as rating_1st,
			MAX(CASE WHEN gr.match_rank = '1' THEN COALESCE(gs1.attack_rate, 0) END) as attack_rate_1st,
			MAX(CASE WHEN gr.match_rank = '1' THEN COALESCE(gs1.attack_win_count, 0) END) as attack_win_count_1st,
			MAX(CASE WHEN gr.match_rank = '1' THEN COALESCE(gs1.total_attack_count, 0) END) as total_attack_count_1st,
			MAX(CASE WHEN gr.match_rank = '1' THEN COALESCE(gs1.defense_rate, 0) END) as defense_rate_1st,
			MAX(CASE WHEN gr.match_rank = '1' THEN COALESCE(gs1.defense_win_count, 0) END) as defense_win_count_1st,
			MAX(CASE WHEN gr.match_rank = '1' THEN COALESCE(gs1.total_defense_count, 0) END) as total_defense_count_1st,
			MAX(CASE WHEN gr.match_rank = '1' THEN 
				CASE 
					WHEN COALESCE(gs1.available_attack_count, 0) > 0 
					THEN ROUND(100.0 * COALESCE(gs1.total_monster_count, 0)::numeric / gs1.available_attack_count::numeric, 2)
					ELSE 0 
				END
			END) as monster_usage_rate_1st,
			MAX(CASE WHEN gr.match_rank = '1' THEN COALESCE(gs1.total_monster_count, 0) END) as unique_monster_deck_count_1st,
			MAX(CASE WHEN gr.match_rank = '1' THEN COALESCE(gs1.available_attack_count, 0) END) as available_attack_count_1st,
			MAX(CASE WHEN gr.match_rank = '2' THEN gr.guild_name END) as guild_2nd,
			MAX(CASE WHEN gr.match_rank = '2' THEN gr.guild_id END) as guild_id_2nd,
			MAX(CASE WHEN gr.match_rank = '2' THEN gr.rating_id END) as rating_2nd,
			MAX(CASE WHEN gr.match_rank = '2' THEN COALESCE(gs2.attack_rate, 0) END) as attack_rate_2nd,
			MAX(CASE WHEN gr.match_rank = '2' THEN COALESCE(gs2.attack_win_count, 0) END) as attack_win_count_2nd,
			MAX(CASE WHEN gr.match_rank = '2' THEN COALESCE(gs2.total_attack_count, 0) END) as total_attack_count_2nd,
			MAX(CASE WHEN gr.match_rank = '2' THEN COALESCE(gs2.defense_rate, 0) END) as defense_rate_2nd,
			MAX(CASE WHEN gr.match_rank = '2' THEN COALESCE(gs2.defense_win_count, 0) END) as defense_win_count_2nd,
			MAX(CASE WHEN gr.match_rank = '2' THEN COALESCE(gs2.total_defense_count, 0) END) as total_defense_count_2nd,
			MAX(CASE WHEN gr.match_rank = '2' THEN 
				CASE 
					WHEN COALESCE(gs2.available_attack_count, 0) > 0 
					THEN ROUND(100.0 * COALESCE(gs2.total_monster_count, 0)::numeric / gs2.available_attack_count::numeric, 2)
					ELSE 0 
				END
			END) as monster_usage_rate_2nd,
			MAX(CASE WHEN gr.match_rank = '2' THEN COALESCE(gs2.total_monster_count, 0) END) as unique_monster_deck_count_2nd,
			MAX(CASE WHEN gr.match_rank = '2' THEN COALESCE(gs2.available_attack_count, 0) END) as available_attack_count_2nd,
			MAX(CASE WHEN gr.match_rank = '3' THEN gr.guild_name END) as guild_3rd,
			MAX(CASE WHEN gr.match_rank = '3' THEN gr.guild_id END) as guild_id_3rd,
			MAX(CASE WHEN gr.match_rank = '3' THEN gr.rating_id END) as rating_3rd,
			MAX(CASE WHEN gr.match_rank = '3' THEN COALESCE(gs3.attack_rate, 0) END) as attack_rate_3rd,
			MAX(CASE WHEN gr.match_rank = '3' THEN COALESCE(gs3.attack_win_count, 0) END) as attack_win_count_3rd,
			MAX(CASE WHEN gr.match_rank = '3' THEN COALESCE(gs3.total_attack_count, 0) END) as total_attack_count_3rd,
			MAX(CASE WHEN gr.match_rank = '3' THEN COALESCE(gs3.defense_rate, 0) END) as defense_rate_3rd,
			MAX(CASE WHEN gr.match_rank = '3' THEN COALESCE(gs3.defense_win_count, 0) END) as defense_win_count_3rd,
			MAX(CASE WHEN gr.match_rank = '3' THEN COALESCE(gs3.total_defense_count, 0) END) as total_defense_count_3rd,
			MAX(CASE WHEN gr.match_rank = '3' THEN 
				CASE 
					WHEN COALESCE(gs3.available_attack_count, 0) > 0 
					THEN ROUND(100.0 * COALESCE(gs3.total_monster_count, 0)::numeric / gs3.available_attack_count::numeric, 2)
					ELSE 0 
				END
			END) as monster_usage_rate_3rd,
			MAX(CASE WHEN gr.match_rank = '3' THEN COALESCE(gs3.total_monster_count, 0) END) as unique_monster_deck_count_3rd,
			MAX(CASE WHEN gr.match_rank = '3' THEN COALESCE(gs3.available_attack_count, 0) END) as available_attack_count_3rd,
			gr.guild_count
		FROM guild_ranked gr
		LEFT JOIN guild_stats gs1 ON gr.match_id = gs1.match_id AND gr.guild_id = gs1.guild_id AND gr.match_rank = '1'
		LEFT JOIN guild_stats gs2 ON gr.match_id = gs2.match_id AND gr.guild_id = gs2.guild_id AND gr.match_rank = '2'
		LEFT JOIN guild_stats gs3 ON gr.match_id = gs3.match_id AND gr.guild_id = gs3.guild_id AND gr.match_rank = '3'
		GROUP BY gr.match_id, gr.guild_count
		ORDER BY gr.match_id DESC

			LIMIT 5::bigint

			OFFSET (1::bigint - 1) * 5::bigint;
 {executed in 32715 msec}
2026-02-28 11:19:23.488 [api-log-1] DEBUG jdbc.sqltiming [10c1de802c2d4a54a012c1dfeef7fe3b] -  com.zaxxer.hikari.pool.ProxyPreparedStatement.execute(ProxyPreparedStatement.java:44)
73. /* insertApiExecutionLog */
		INSERT INTO SYS_API_EXE_LOG (
			api_id,
			exe_dtm,
			user_id,
			api_exe_url,
			mthd_tp_cd,
			ip_addr,
			lang_cd,
			svr_ip_addr,
			inp_param_txt
		) VALUES (
			'API064',
			'20260228111923',
			'jgh9514',
			'/api/v1/summonerswar/guild-siege-history',
			'POST',
			'0:0:0:0:0:0:0:1',
			'KO',
			'0:0:0:0:0:0:0:1',
			''
		);
 {executed in 152 msec}
2026-02-28 11:20:43.487 [task-1] DEBUG jdbc.sqltiming [] -  com.zaxxer.hikari.pool.ProxyStatement.executeQuery(ProxyStatement.java:111)
84. select * from information_schema.sequences;
 {executed in 152 msec}
2026-02-28 11:20:44.484 [restartedMain] DEBUG jdbc.sqltiming [] -  com.zaxxer.hikari.pool.ProxyPreparedStatement.execute(ProxyPreparedStatement.java:44)
84. /* selectI18nList */
		SELECT 
			mlang_tp_cd,
			mlang_cd as mlang_id,
			MAX(CASE WHEN lang_cd = 'KO' THEN mlang_txt END) as mlang_key,
			MAX(CASE WHEN lang_cd = 'KO' THEN mlang_txt END) as mlang_txt
		FROM SYS_MLANG
		WHERE mlang_tp_cd IN ('LB', 'MS')
		GROUP BY mlang_tp_cd, mlang_cd;
 {executed in 152 msec}
2026-02-28 11:20:44.638 [restartedMain] DEBUG jdbc.sqltiming [] -  com.zaxxer.hikari.pool.ProxyPreparedStatement.execute(ProxyPreparedStatement.java:44)
84. /* selectI18nList */
		SELECT 
			mlang_tp_cd,
			mlang_cd as mlang_id,
			MAX(CASE WHEN lang_cd = 'KO' THEN mlang_txt END) as mlang_key,
			MAX(CASE WHEN lang_cd = 'EN' THEN mlang_txt END) as mlang_txt
		FROM SYS_MLANG
		WHERE mlang_tp_cd IN ('LB', 'MS')
		GROUP BY mlang_tp_cd, mlang_cd;
 {executed in 153 msec}
2026-02-28 11:20:44.788 [restartedMain] DEBUG jdbc.sqltiming [] -  com.zaxxer.hikari.pool.ProxyPreparedStatement.execute(ProxyPreparedStatement.java:44)
84. /* selectI18nList */
		SELECT 
			mlang_tp_cd,
			mlang_cd as mlang_id,
			MAX(CASE WHEN lang_cd = 'KO' THEN mlang_txt END) as mlang_key,
			MAX(CASE WHEN lang_cd = 'ZH' THEN mlang_txt END) as mlang_txt
		FROM SYS_MLANG
		WHERE mlang_tp_cd IN ('LB', 'MS')
		GROUP BY mlang_tp_cd, mlang_cd;
 {executed in 150 msec}
2026-02-28 11:20:46.390 [restartedMain] DEBUG jdbc.sqltiming [] -  com.zaxxer.hikari.pool.ProxyPreparedStatement.execute(ProxyPreparedStatement.java:44)
84. /* selectBatchConfig */
		SELECT 
			bat_id,
			bat_nm,
			job_class,
			job_class as bat_cls_nm,
			use_yn,
			use_yn as usg_yn,
			cron_expr,
			sort_sn,
			desc_txt
		FROM sys_batch_config
		WHERE 1=1

		ORDER BY sort_sn ASC, bat_id ASC;
 {executed in 152 msec}
